<?xml version="1.0" encoding="UTF-8"?>
<gpx creator="StravaGPX Android" xmlns:xsi="http://www.w3.org/2001/XMLSchema-instance" xsi:schemaLocation="http://www.topografix.com/GPX/1/1 http://www.topografix.com/GPX/1/1/gpx.xsd" version="1.1" xmlns="http://www.topografix.com/GPX/1/1">
 <metadata>
  <time>2022-04-24T17:21:42Z</time>
 </metadata>
 <trk>
  <name>Evening Ride</name>
  <type>1</type>
  <trkseg>
   <trkpt lat="52.2601260" lon="21.0264840">
    <ele>84.0</ele>
    <time>2022-04-24T17:21:42Z</time>
   </trkpt>
   <trkpt lat="52.2598080" lon="21.0260350">
    <ele>84.0</ele>
    <time>2022-04-24T17:21:43Z</time>
   </trkpt>
   <trkpt lat="52.2598140" lon="21.0258310">
    <ele>84.1</ele>
    <time>2022-04-24T17:21:44Z</time>
   </trkpt>
   <trkpt lat="52.2598370" lon="21.0258540">
    <ele>84.1</ele>
    <time>2022-04-24T17:21:45Z</time>
   </trkpt>
   <trkpt lat="52.2598370" lon="21.0258490">
    <ele>84.1</ele>
    <time>2022-04-24T17:21:47Z</time>
   </trkpt>
   <trkpt lat="52.2598370" lon="21.0258410">
    <ele>84.1</ele>
    <time>2022-04-24T17:21:48Z</time>
   </trkpt>
   <trkpt lat="52.2598320" lon="21.0258310">
    <ele>84.1</ele>
    <time>2022-04-24T17:21:50Z</time>
   </trkpt>
   <trkpt lat="52.2598210" lon="21.0258170">
    <ele>84.1</ele>
    <time>2022-04-24T17:21:51Z</time>
   </trkpt>
   <trkpt lat="52.2598040" lon="21.0257850">
    <ele>84.2</ele>
    <time>2022-04-24T17:21:52Z</time>
   </trkpt>
   <trkpt lat="52.2597800" lon="21.0257400">
    <ele>84.2</ele>
    <time>2022-04-24T17:21:53Z</time>
   </trkpt>
   <trkpt lat="52.2597700" lon="21.0257240">
    <ele>84.2</ele>
    <time>2022-04-24T17:21:54Z</time>
   </trkpt>
   <trkpt lat="52.2597430" lon="21.0256760">
    <ele>84.2</ele>
    <time>2022-04-24T17:21:55Z</time>
   </trkpt>
   <trkpt lat="52.2597050" lon="21.0256060">
    <ele>84.3</ele>
    <time>2022-04-24T17:21:57Z</time>
   </trkpt>
   <trkpt lat="52.2596950" lon="21.0255690">
    <ele>84.3</ele>
    <time>2022-04-24T17:21:58Z</time>
   </trkpt>
   <trkpt lat="52.2596970" lon="21.0255540">
    <ele>84.3</ele>
    <time>2022-04-24T17:21:59Z</time>
   </trkpt>
   <trkpt lat="52.2596990" lon="21.0255390">
    <ele>84.3</ele>
    <time>2022-04-24T17:22:00Z</time>
   </trkpt>
   <trkpt lat="52.2597140" lon="21.0255380">
    <ele>84.4</ele>
    <time>2022-04-24T17:22:02Z</time>
   </trkpt>
   <trkpt lat="52.2597310" lon="21.0255130">
    <ele>84.4</ele>
    <time>2022-04-24T17:22:03Z</time>
   </trkpt>
   <trkpt lat="52.2597540" lon="21.0254880">
    <ele>84.4</ele>
    <time>2022-04-24T17:22:04Z</time>
   </trkpt>
   <trkpt lat="52.2597640" lon="21.0254820">
    <ele>84.4</ele>
    <time>2022-04-24T17:22:05Z</time>
   </trkpt>
   <trkpt lat="52.2597930" lon="21.0254780">
    <ele>84.4</ele>
    <time>2022-04-24T17:22:06Z</time>
   </trkpt>
   <trkpt lat="52.2598240" lon="21.0254710">
    <ele>84.4</ele>
    <time>2022-04-24T17:22:07Z</time>
   </trkpt>
   <trkpt lat="52.2598530" lon="21.0254620">
    <ele>84.4</ele>
    <time>2022-04-24T17:22:08Z</time>
   </trkpt>
   <trkpt lat="52.2598810" lon="21.0254430">
    <ele>84.4</ele>
    <time>2022-04-24T17:22:09Z</time>
   </trkpt>
   <trkpt lat="52.2598980" lon="21.0254080">
    <ele>84.4</ele>
    <time>2022-04-24T17:22:10Z</time>
   </trkpt>
   <trkpt lat="52.2599220" lon="21.0253750">
    <ele>84.4</ele>
    <time>2022-04-24T17:22:11Z</time>
   </trkpt>
   <trkpt lat="52.2599430" lon="21.0253320">
    <ele>84.4</ele>
    <time>2022-04-24T17:22:12Z</time>
   </trkpt>
   <trkpt lat="52.2599540" lon="21.0252630">
    <ele>84.3</ele>
    <time>2022-04-24T17:22:13Z</time>
   </trkpt>
   <trkpt lat="52.2599690" lon="21.0252100">
    <ele>84.3</ele>
    <time>2022-04-24T17:22:15Z</time>
   </trkpt>
   <trkpt lat="52.2599860" lon="21.0251750">
    <ele>84.3</ele>
    <time>2022-04-24T17:22:16Z</time>
   </trkpt>
   <trkpt lat="52.2600110" lon="21.0251310">
    <ele>84.3</ele>
    <time>2022-04-24T17:22:17Z</time>
   </trkpt>
   <trkpt lat="52.2600390" lon="21.0250880">
    <ele>84.3</ele>
    <time>2022-04-24T17:22:18Z</time>
   </trkpt>
   <trkpt lat="52.2600740" lon="21.0250280">
    <ele>84.3</ele>
    <time>2022-04-24T17:22:19Z</time>
   </trkpt>
   <trkpt lat="52.2601020" lon="21.0249830">
    <ele>84.3</ele>
    <time>2022-04-24T17:22:20Z</time>
   </trkpt>
   <trkpt lat="52.2601270" lon="21.0249380">
    <ele>84.3</ele>
    <time>2022-04-24T17:22:21Z</time>
   </trkpt>
   <trkpt lat="52.2601560" lon="21.0248890">
    <ele>84.3</ele>
    <time>2022-04-24T17:22:22Z</time>
   </trkpt>
   <trkpt lat="52.2601810" lon="21.0248460">
    <ele>84.3</ele>
    <time>2022-04-24T17:22:23Z</time>
   </trkpt>
   <trkpt lat="52.2602080" lon="21.0247990">
    <ele>84.3</ele>
    <time>2022-04-24T17:22:24Z</time>
   </trkpt>
   <trkpt lat="52.2602340" lon="21.0247540">
    <ele>84.3</ele>
    <time>2022-04-24T17:22:25Z</time>
   </trkpt>
   <trkpt lat="52.2602610" lon="21.0247240">
    <ele>84.3</ele>
    <time>2022-04-24T17:22:26Z</time>
   </trkpt>
   <trkpt lat="52.2603300" lon="21.0246920">
    <ele>84.2</ele>
    <time>2022-04-24T17:22:28Z</time>
   </trkpt>
   <trkpt lat="52.2603710" lon="21.0246790">
    <ele>84.2</ele>
    <time>2022-04-24T17:22:29Z</time>
   </trkpt>
   <trkpt lat="52.2604290" lon="21.0246290">
    <ele>84.2</ele>
    <time>2022-04-24T17:22:30Z</time>
   </trkpt>
   <trkpt lat="52.2604690" lon="21.0245730">
    <ele>84.1</ele>
    <time>2022-04-24T17:22:31Z</time>
   </trkpt>
   <trkpt lat="52.2605120" lon="21.0245050">
    <ele>84.1</ele>
    <time>2022-04-24T17:22:33Z</time>
   </trkpt>
   <trkpt lat="52.2605550" lon="21.0244490">
    <ele>84.1</ele>
    <time>2022-04-24T17:22:34Z</time>
   </trkpt>
   <trkpt lat="52.2605900" lon="21.0244040">
    <ele>84.1</ele>
    <time>2022-04-24T17:22:35Z</time>
   </trkpt>
   <trkpt lat="52.2606200" lon="21.0243650">
    <ele>84.0</ele>
    <time>2022-04-24T17:22:36Z</time>
   </trkpt>
   <trkpt lat="52.2606540" lon="21.0243260">
    <ele>84.0</ele>
    <time>2022-04-24T17:22:37Z</time>
   </trkpt>
   <trkpt lat="52.2606710" lon="21.0243100">
    <ele>84.0</ele>
    <time>2022-04-24T17:22:38Z</time>
   </trkpt>
   <trkpt lat="52.2607070" lon="21.0242800">
    <ele>84.0</ele>
    <time>2022-04-24T17:22:39Z</time>
   </trkpt>
   <trkpt lat="52.2607780" lon="21.0242340">
    <ele>84.0</ele>
    <time>2022-04-24T17:22:41Z</time>
   </trkpt>
   <trkpt lat="52.2608060" lon="21.0242020">
    <ele>84.0</ele>
    <time>2022-04-24T17:22:42Z</time>
   </trkpt>
   <trkpt lat="52.2608370" lon="21.0241670">
    <ele>84.0</ele>
    <time>2022-04-24T17:22:43Z</time>
   </trkpt>
   <trkpt lat="52.2608490" lon="21.0241500">
    <ele>84.0</ele>
    <time>2022-04-24T17:22:44Z</time>
   </trkpt>
   <trkpt lat="52.2608730" lon="21.0241100">
    <ele>84.0</ele>
    <time>2022-04-24T17:22:46Z</time>
   </trkpt>
   <trkpt lat="52.2608780" lon="21.0240970">
    <ele>84.0</ele>
    <time>2022-04-24T17:22:47Z</time>
   </trkpt>
   <trkpt lat="52.2608940" lon="21.0240470">
    <ele>84.0</ele>
    <time>2022-04-24T17:22:48Z</time>
   </trkpt>
   <trkpt lat="52.2609030" lon="21.0240280">
    <ele>84.0</ele>
    <time>2022-04-24T17:22:49Z</time>
   </trkpt>
   <trkpt lat="52.2609460" lon="21.0239750">
    <ele>84.0</ele>
    <time>2022-04-24T17:22:50Z</time>
   </trkpt>
   <trkpt lat="52.2610110" lon="21.0239020">
    <ele>84.0</ele>
    <time>2022-04-24T17:22:51Z</time>
   </trkpt>
   <trkpt lat="52.2610880" lon="21.0238200">
    <ele>83.9</ele>
    <time>2022-04-24T17:22:53Z</time>
   </trkpt>
   <trkpt lat="52.2611620" lon="21.0237450">
    <ele>83.9</ele>
    <time>2022-04-24T17:22:54Z</time>
   </trkpt>
   <trkpt lat="52.2612130" lon="21.0236760">
    <ele>83.9</ele>
    <time>2022-04-24T17:22:56Z</time>
   </trkpt>
   <trkpt lat="52.2612500" lon="21.0236190">
    <ele>83.8</ele>
    <time>2022-04-24T17:22:57Z</time>
   </trkpt>
   <trkpt lat="52.2612810" lon="21.0235810">
    <ele>83.8</ele>
    <time>2022-04-24T17:22:58Z</time>
   </trkpt>
   <trkpt lat="52.2613170" lon="21.0235400">
    <ele>83.8</ele>
    <time>2022-04-24T17:22:59Z</time>
   </trkpt>
   <trkpt lat="52.2613780" lon="21.0234830">
    <ele>83.8</ele>
    <time>2022-04-24T17:23:01Z</time>
   </trkpt>
   <trkpt lat="52.2614120" lon="21.0234440">
    <ele>83.8</ele>
    <time>2022-04-24T17:23:02Z</time>
   </trkpt>
   <trkpt lat="52.2614720" lon="21.0233670">
    <ele>83.8</ele>
    <time>2022-04-24T17:23:04Z</time>
   </trkpt>
   <trkpt lat="52.2615100" lon="21.0233170">
    <ele>83.8</ele>
    <time>2022-04-24T17:23:05Z</time>
   </trkpt>
   <trkpt lat="52.2615450" lon="21.0232740">
    <ele>83.7</ele>
    <time>2022-04-24T17:23:06Z</time>
   </trkpt>
   <trkpt lat="52.2615690" lon="21.0232500">
    <ele>83.7</ele>
    <time>2022-04-24T17:23:07Z</time>
   </trkpt>
   <trkpt lat="52.2615980" lon="21.0232180">
    <ele>83.7</ele>
    <time>2022-04-24T17:23:08Z</time>
   </trkpt>
   <trkpt lat="52.2616050" lon="21.0232100">
    <ele>83.7</ele>
    <time>2022-04-24T17:23:09Z</time>
   </trkpt>
   <trkpt lat="52.2616440" lon="21.0231770">
    <ele>83.7</ele>
    <time>2022-04-24T17:23:10Z</time>
   </trkpt>
   <trkpt lat="52.2616630" lon="21.0231660">
    <ele>83.8</ele>
    <time>2022-04-24T17:23:11Z</time>
   </trkpt>
   <trkpt lat="52.2616890" lon="21.0231520">
    <ele>83.8</ele>
    <time>2022-04-24T17:23:13Z</time>
   </trkpt>
   <trkpt lat="52.2617300" lon="21.0231250">
    <ele>83.8</ele>
    <time>2022-04-24T17:23:14Z</time>
   </trkpt>
   <trkpt lat="52.2617980" lon="21.0230780">
    <ele>83.8</ele>
    <time>2022-04-24T17:23:16Z</time>
   </trkpt>
   <trkpt lat="52.2618390" lon="21.0230420">
    <ele>83.8</ele>
    <time>2022-04-24T17:23:17Z</time>
   </trkpt>
   <trkpt lat="52.2618520" lon="21.0230290">
    <ele>83.8</ele>
    <time>2022-04-24T17:23:18Z</time>
   </trkpt>
   <trkpt lat="52.2618640" lon="21.0230130">
    <ele>83.8</ele>
    <time>2022-04-24T17:23:19Z</time>
   </trkpt>
   <trkpt lat="52.2618770" lon="21.0229920">
    <ele>83.8</ele>
    <time>2022-04-24T17:23:20Z</time>
   </trkpt>
   <trkpt lat="52.2618630" lon="21.0229990">
    <ele>83.8</ele>
    <time>2022-04-24T17:23:22Z</time>
   </trkpt>
   <trkpt lat="52.2618560" lon="21.0230020">
    <ele>83.8</ele>
    <time>2022-04-24T17:23:23Z</time>
   </trkpt>
   <trkpt lat="52.2618620" lon="21.0229900">
    <ele>83.8</ele>
    <time>2022-04-24T17:23:24Z</time>
   </trkpt>
   <trkpt lat="52.2618750" lon="21.0229690">
    <ele>83.8</ele>
    <time>2022-04-24T17:23:25Z</time>
   </trkpt>
   <trkpt lat="52.2618970" lon="21.0229330">
    <ele>83.8</ele>
    <time>2022-04-24T17:23:26Z</time>
   </trkpt>
   <trkpt lat="52.2619020" lon="21.0229250">
    <ele>83.8</ele>
    <time>2022-04-24T17:23:27Z</time>
   </trkpt>
   <trkpt lat="52.2619520" lon="21.0228530">
    <ele>83.9</ele>
    <time>2022-04-24T17:23:29Z</time>
   </trkpt>
   <trkpt lat="52.2620110" lon="21.0227700">
    <ele>83.9</ele>
    <time>2022-04-24T17:23:30Z</time>
   </trkpt>
   <trkpt lat="52.2620650" lon="21.0227100">
    <ele>83.9</ele>
    <time>2022-04-24T17:23:31Z</time>
   </trkpt>
   <trkpt lat="52.2621420" lon="21.0226210">
    <ele>83.9</ele>
    <time>2022-04-24T17:23:32Z</time>
   </trkpt>
   <trkpt lat="52.2621730" lon="21.0225920">
    <ele>83.9</ele>
    <time>2022-04-24T17:23:33Z</time>
   </trkpt>
   <trkpt lat="52.2622290" lon="21.0225330">
    <ele>83.9</ele>
    <time>2022-04-24T17:23:34Z</time>
   </trkpt>
   <trkpt lat="52.2622690" lon="21.0224970">
    <ele>83.9</ele>
    <time>2022-04-24T17:23:35Z</time>
   </trkpt>
   <trkpt lat="52.2623530" lon="21.0224330">
    <ele>83.9</ele>
    <time>2022-04-24T17:23:36Z</time>
   </trkpt>
   <trkpt lat="52.2624450" lon="21.0223610">
    <ele>83.9</ele>
    <time>2022-04-24T17:23:37Z</time>
   </trkpt>
   <trkpt lat="52.2625910" lon="21.0222590">
    <ele>83.9</ele>
    <time>2022-04-24T17:23:38Z</time>
   </trkpt>
   <trkpt lat="52.2628830" lon="21.0220750">
    <ele>83.8</ele>
    <time>2022-04-24T17:23:40Z</time>
   </trkpt>
   <trkpt lat="52.2629280" lon="21.0220620">
    <ele>83.8</ele>
    <time>2022-04-24T17:23:41Z</time>
   </trkpt>
   <trkpt lat="52.2629630" lon="21.0220720">
    <ele>83.8</ele>
    <time>2022-04-24T17:23:42Z</time>
   </trkpt>
   <trkpt lat="52.2630280" lon="21.0220450">
    <ele>83.8</ele>
    <time>2022-04-24T17:23:44Z</time>
   </trkpt>
   <trkpt lat="52.2630440" lon="21.0220080">
    <ele>83.8</ele>
    <time>2022-04-24T17:23:45Z</time>
   </trkpt>
   <trkpt lat="52.2630540" lon="21.0219930">
    <ele>83.7</ele>
    <time>2022-04-24T17:23:46Z</time>
   </trkpt>
   <trkpt lat="52.2630810" lon="21.0219470">
    <ele>83.7</ele>
    <time>2022-04-24T17:23:47Z</time>
   </trkpt>
   <trkpt lat="52.2631010" lon="21.0218560">
    <ele>83.5</ele>
    <time>2022-04-24T17:23:49Z</time>
   </trkpt>
   <trkpt lat="52.2630990" lon="21.0217940">
    <ele>83.6</ele>
    <time>2022-04-24T17:23:50Z</time>
   </trkpt>
   <trkpt lat="52.2630890" lon="21.0216850">
    <ele>83.6</ele>
    <time>2022-04-24T17:23:51Z</time>
   </trkpt>
   <trkpt lat="52.2631070" lon="21.0216190">
    <ele>83.6</ele>
    <time>2022-04-24T17:23:52Z</time>
   </trkpt>
   <trkpt lat="52.2631520" lon="21.0215530">
    <ele>83.6</ele>
    <time>2022-04-24T17:23:54Z</time>
   </trkpt>
   <trkpt lat="52.2631950" lon="21.0214820">
    <ele>83.6</ele>
    <time>2022-04-24T17:23:55Z</time>
   </trkpt>
   <trkpt lat="52.2632200" lon="21.0214260">
    <ele>83.6</ele>
    <time>2022-04-24T17:23:56Z</time>
   </trkpt>
   <trkpt lat="52.2632450" lon="21.0213750">
    <ele>83.6</ele>
    <time>2022-04-24T17:23:57Z</time>
   </trkpt>
   <trkpt lat="52.2632830" lon="21.0212830">
    <ele>83.6</ele>
    <time>2022-04-24T17:23:59Z</time>
   </trkpt>
   <trkpt lat="52.2633040" lon="21.0212200">
    <ele>83.6</ele>
    <time>2022-04-24T17:24:00Z</time>
   </trkpt>
   <trkpt lat="52.2633200" lon="21.0211770">
    <ele>83.7</ele>
    <time>2022-04-24T17:24:01Z</time>
   </trkpt>
   <trkpt lat="52.2633330" lon="21.0211330">
    <ele>83.7</ele>
    <time>2022-04-24T17:24:02Z</time>
   </trkpt>
   <trkpt lat="52.2633490" lon="21.0210880">
    <ele>83.7</ele>
    <time>2022-04-24T17:24:03Z</time>
   </trkpt>
   <trkpt lat="52.2633660" lon="21.0210530">
    <ele>83.7</ele>
    <time>2022-04-24T17:24:04Z</time>
   </trkpt>
   <trkpt lat="52.2633780" lon="21.0209940">
    <ele>83.7</ele>
    <time>2022-04-24T17:24:05Z</time>
   </trkpt>
   <trkpt lat="52.2633800" lon="21.0209690">
    <ele>83.7</ele>
    <time>2022-04-24T17:24:06Z</time>
   </trkpt>
   <trkpt lat="52.2633800" lon="21.0209070">
    <ele>83.7</ele>
    <time>2022-04-24T17:24:07Z</time>
   </trkpt>
   <trkpt lat="52.2633820" lon="21.0208520">
    <ele>83.8</ele>
    <time>2022-04-24T17:24:08Z</time>
   </trkpt>
   <trkpt lat="52.2633830" lon="21.0207860">
    <ele>83.8</ele>
    <time>2022-04-24T17:24:09Z</time>
   </trkpt>
   <trkpt lat="52.2633830" lon="21.0207230">
    <ele>83.8</ele>
    <time>2022-04-24T17:24:10Z</time>
   </trkpt>
   <trkpt lat="52.2633860" lon="21.0206660">
    <ele>83.8</ele>
    <time>2022-04-24T17:24:11Z</time>
   </trkpt>
   <trkpt lat="52.2633830" lon="21.0206290">
    <ele>83.8</ele>
    <time>2022-04-24T17:24:13Z</time>
   </trkpt>
   <trkpt lat="52.2633880" lon="21.0206240">
    <ele>83.8</ele>
    <time>2022-04-24T17:24:14Z</time>
   </trkpt>
   <trkpt lat="52.2634030" lon="21.0206250">
    <ele>83.8</ele>
    <time>2022-04-24T17:24:16Z</time>
   </trkpt>
   <trkpt lat="52.2634050" lon="21.0206240">
    <ele>83.8</ele>
    <time>2022-04-24T17:24:17Z</time>
   </trkpt>
   <trkpt lat="52.2634060" lon="21.0206230">
    <ele>83.8</ele>
    <time>2022-04-24T17:24:19Z</time>
   </trkpt>
   <trkpt lat="52.2634060" lon="21.0206200">
    <ele>83.8</ele>
    <time>2022-04-24T17:24:20Z</time>
   </trkpt>
   <trkpt lat="52.2634070" lon="21.0206170">
    <ele>83.8</ele>
    <time>2022-04-24T17:24:21Z</time>
   </trkpt>
   <trkpt lat="52.2634030" lon="21.0206020">
    <ele>83.9</ele>
    <time>2022-04-24T17:24:22Z</time>
   </trkpt>
   <trkpt lat="52.2633920" lon="21.0205170">
    <ele>83.9</ele>
    <time>2022-04-24T17:24:24Z</time>
   </trkpt>
   <trkpt lat="52.2633820" lon="21.0202290">
    <ele>83.9</ele>
    <time>2022-04-24T17:24:25Z</time>
   </trkpt>
   <trkpt lat="52.2633800" lon="21.0201730">
    <ele>83.9</ele>
    <time>2022-04-24T17:24:26Z</time>
   </trkpt>
   <trkpt lat="52.2633650" lon="21.0200670">
    <ele>83.9</ele>
    <time>2022-04-24T17:24:27Z</time>
   </trkpt>
   <trkpt lat="52.2633410" lon="21.0199730">
    <ele>83.9</ele>
    <time>2022-04-24T17:24:28Z</time>
   </trkpt>
   <trkpt lat="52.2633220" lon="21.0198790">
    <ele>83.9</ele>
    <time>2022-04-24T17:24:29Z</time>
   </trkpt>
   <trkpt lat="52.2633060" lon="21.0197900">
    <ele>83.8</ele>
    <time>2022-04-24T17:24:30Z</time>
   </trkpt>
   <trkpt lat="52.2632950" lon="21.0196990">
    <ele>83.8</ele>
    <time>2022-04-24T17:24:31Z</time>
   </trkpt>
   <trkpt lat="52.2632780" lon="21.0196050">
    <ele>83.7</ele>
    <time>2022-04-24T17:24:32Z</time>
   </trkpt>
   <trkpt lat="52.2632570" lon="21.0195070">
    <ele>83.7</ele>
    <time>2022-04-24T17:24:33Z</time>
   </trkpt>
   <trkpt lat="52.2632360" lon="21.0194160">
    <ele>83.6</ele>
    <time>2022-04-24T17:24:34Z</time>
   </trkpt>
   <trkpt lat="52.2632230" lon="21.0193330">
    <ele>83.6</ele>
    <time>2022-04-24T17:24:35Z</time>
   </trkpt>
   <trkpt lat="52.2632010" lon="21.0192350">
    <ele>83.6</ele>
    <time>2022-04-24T17:24:36Z</time>
   </trkpt>
   <trkpt lat="52.2631770" lon="21.0191290">
    <ele>83.6</ele>
    <time>2022-04-24T17:24:37Z</time>
   </trkpt>
   <trkpt lat="52.2631570" lon="21.0190280">
    <ele>83.7</ele>
    <time>2022-04-24T17:24:38Z</time>
   </trkpt>
   <trkpt lat="52.2631390" lon="21.0189310">
    <ele>83.7</ele>
    <time>2022-04-24T17:24:39Z</time>
   </trkpt>
   <trkpt lat="52.2631050" lon="21.0188400">
    <ele>83.7</ele>
    <time>2022-04-24T17:24:40Z</time>
   </trkpt>
   <trkpt lat="52.2630790" lon="21.0187210">
    <ele>83.8</ele>
    <time>2022-04-24T17:24:41Z</time>
   </trkpt>
   <trkpt lat="52.2630580" lon="21.0186090">
    <ele>83.9</ele>
    <time>2022-04-24T17:24:42Z</time>
   </trkpt>
   <trkpt lat="52.2630400" lon="21.0185030">
    <ele>83.9</ele>
    <time>2022-04-24T17:24:43Z</time>
   </trkpt>
   <trkpt lat="52.2630180" lon="21.0184060">
    <ele>84.0</ele>
    <time>2022-04-24T17:24:44Z</time>
   </trkpt>
   <trkpt lat="52.2629890" lon="21.0183090">
    <ele>84.1</ele>
    <time>2022-04-24T17:24:45Z</time>
   </trkpt>
   <trkpt lat="52.2629740" lon="21.0182060">
    <ele>84.2</ele>
    <time>2022-04-24T17:24:46Z</time>
   </trkpt>
   <trkpt lat="52.2629310" lon="21.0180960">
    <ele>84.2</ele>
    <time>2022-04-24T17:24:47Z</time>
   </trkpt>
   <trkpt lat="52.2629050" lon="21.0179690">
    <ele>84.3</ele>
    <time>2022-04-24T17:24:48Z</time>
   </trkpt>
   <trkpt lat="52.2628890" lon="21.0178530">
    <ele>84.3</ele>
    <time>2022-04-24T17:24:49Z</time>
   </trkpt>
   <trkpt lat="52.2628700" lon="21.0177500">
    <ele>84.3</ele>
    <time>2022-04-24T17:24:50Z</time>
   </trkpt>
   <trkpt lat="52.2628370" lon="21.0176580">
    <ele>84.3</ele>
    <time>2022-04-24T17:24:51Z</time>
   </trkpt>
   <trkpt lat="52.2627940" lon="21.0175660">
    <ele>84.3</ele>
    <time>2022-04-24T17:24:52Z</time>
   </trkpt>
   <trkpt lat="52.2627460" lon="21.0174960">
    <ele>84.3</ele>
    <time>2022-04-24T17:24:53Z</time>
   </trkpt>
   <trkpt lat="52.2626940" lon="21.0174140">
    <ele>84.3</ele>
    <time>2022-04-24T17:24:54Z</time>
   </trkpt>
   <trkpt lat="52.2626270" lon="21.0173570">
    <ele>84.3</ele>
    <time>2022-04-24T17:24:55Z</time>
   </trkpt>
   <trkpt lat="52.2625670" lon="21.0173290">
    <ele>84.3</ele>
    <time>2022-04-24T17:24:56Z</time>
   </trkpt>
   <trkpt lat="52.2624980" lon="21.0172940">
    <ele>84.4</ele>
    <time>2022-04-24T17:24:57Z</time>
   </trkpt>
   <trkpt lat="52.2624390" lon="21.0172560">
    <ele>84.4</ele>
    <time>2022-04-24T17:24:58Z</time>
   </trkpt>
   <trkpt lat="52.2623850" lon="21.0172140">
    <ele>84.4</ele>
    <time>2022-04-24T17:24:59Z</time>
   </trkpt>
   <trkpt lat="52.2623440" lon="21.0171640">
    <ele>84.4</ele>
    <time>2022-04-24T17:25:00Z</time>
   </trkpt>
   <trkpt lat="52.2623100" lon="21.0171060">
    <ele>84.5</ele>
    <time>2022-04-24T17:25:01Z</time>
   </trkpt>
   <trkpt lat="52.2622920" lon="21.0170530">
    <ele>84.5</ele>
    <time>2022-04-24T17:25:02Z</time>
   </trkpt>
   <trkpt lat="52.2622760" lon="21.0169920">
    <ele>84.5</ele>
    <time>2022-04-24T17:25:03Z</time>
   </trkpt>
   <trkpt lat="52.2622460" lon="21.0169080">
    <ele>84.5</ele>
    <time>2022-04-24T17:25:04Z</time>
   </trkpt>
   <trkpt lat="52.2622240" lon="21.0168370">
    <ele>84.6</ele>
    <time>2022-04-24T17:25:05Z</time>
   </trkpt>
   <trkpt lat="52.2622040" lon="21.0167630">
    <ele>84.6</ele>
    <time>2022-04-24T17:25:06Z</time>
   </trkpt>
   <trkpt lat="52.2621760" lon="21.0166830">
    <ele>84.7</ele>
    <time>2022-04-24T17:25:07Z</time>
   </trkpt>
   <trkpt lat="52.2621460" lon="21.0166030">
    <ele>84.8</ele>
    <time>2022-04-24T17:25:08Z</time>
   </trkpt>
   <trkpt lat="52.2621190" lon="21.0165330">
    <ele>84.8</ele>
    <time>2022-04-24T17:25:09Z</time>
   </trkpt>
   <trkpt lat="52.2621000" lon="21.0164580">
    <ele>84.9</ele>
    <time>2022-04-24T17:25:10Z</time>
   </trkpt>
   <trkpt lat="52.2620660" lon="21.0163910">
    <ele>85.0</ele>
    <time>2022-04-24T17:25:11Z</time>
   </trkpt>
   <trkpt lat="52.2620370" lon="21.0163200">
    <ele>85.1</ele>
    <time>2022-04-24T17:25:12Z</time>
   </trkpt>
   <trkpt lat="52.2620160" lon="21.0162500">
    <ele>85.2</ele>
    <time>2022-04-24T17:25:13Z</time>
   </trkpt>
   <trkpt lat="52.2619980" lon="21.0161790">
    <ele>85.3</ele>
    <time>2022-04-24T17:25:14Z</time>
   </trkpt>
   <trkpt lat="52.2619770" lon="21.0160970">
    <ele>85.4</ele>
    <time>2022-04-24T17:25:15Z</time>
   </trkpt>
   <trkpt lat="52.2619610" lon="21.0160100">
    <ele>85.6</ele>
    <time>2022-04-24T17:25:16Z</time>
   </trkpt>
   <trkpt lat="52.2619410" lon="21.0159210">
    <ele>85.7</ele>
    <time>2022-04-24T17:25:17Z</time>
   </trkpt>
   <trkpt lat="52.2619220" lon="21.0158550">
    <ele>85.8</ele>
    <time>2022-04-24T17:25:18Z</time>
   </trkpt>
   <trkpt lat="52.2619160" lon="21.0158220">
    <ele>85.9</ele>
    <time>2022-04-24T17:25:19Z</time>
   </trkpt>
   <trkpt lat="52.2619120" lon="21.0158030">
    <ele>85.9</ele>
    <time>2022-04-24T17:25:20Z</time>
   </trkpt>
   <trkpt lat="52.2619080" lon="21.0157850">
    <ele>86.0</ele>
    <time>2022-04-24T17:25:21Z</time>
   </trkpt>
   <trkpt lat="52.2618940" lon="21.0157360">
    <ele>86.1</ele>
    <time>2022-04-24T17:25:22Z</time>
   </trkpt>
   <trkpt lat="52.2618890" lon="21.0157190">
    <ele>86.2</ele>
    <time>2022-04-24T17:25:23Z</time>
   </trkpt>
   <trkpt lat="52.2618790" lon="21.0156870">
    <ele>86.3</ele>
    <time>2022-04-24T17:25:24Z</time>
   </trkpt>
   <trkpt lat="52.2618730" lon="21.0156330">
    <ele>86.4</ele>
    <time>2022-04-24T17:25:26Z</time>
   </trkpt>
   <trkpt lat="52.2618870" lon="21.0155860">
    <ele>86.9</ele>
    <time>2022-04-24T17:25:27Z</time>
   </trkpt>
   <trkpt lat="52.2618940" lon="21.0155740">
    <ele>86.9</ele>
    <time>2022-04-24T17:25:28Z</time>
   </trkpt>
   <trkpt lat="52.2619180" lon="21.0155450">
    <ele>87.0</ele>
    <time>2022-04-24T17:25:29Z</time>
   </trkpt>
   <trkpt lat="52.2619450" lon="21.0155150">
    <ele>87.2</ele>
    <time>2022-04-24T17:25:31Z</time>
   </trkpt>
   <trkpt lat="52.2619600" lon="21.0154900">
    <ele>87.2</ele>
    <time>2022-04-24T17:25:32Z</time>
   </trkpt>
   <trkpt lat="52.2619770" lon="21.0154390">
    <ele>87.3</ele>
    <time>2022-04-24T17:25:34Z</time>
   </trkpt>
   <trkpt lat="52.2619810" lon="21.0153830">
    <ele>87.4</ele>
    <time>2022-04-24T17:25:35Z</time>
   </trkpt>
   <trkpt lat="52.2619780" lon="21.0153390">
    <ele>87.4</ele>
    <time>2022-04-24T17:25:36Z</time>
   </trkpt>
   <trkpt lat="52.2619730" lon="21.0152790">
    <ele>87.4</ele>
    <time>2022-04-24T17:25:37Z</time>
   </trkpt>
   <trkpt lat="52.2619640" lon="21.0151890">
    <ele>87.5</ele>
    <time>2022-04-24T17:25:38Z</time>
   </trkpt>
   <trkpt lat="52.2619620" lon="21.0150880">
    <ele>87.6</ele>
    <time>2022-04-24T17:25:40Z</time>
   </trkpt>
   <trkpt lat="52.2619590" lon="21.0150170">
    <ele>87.6</ele>
    <time>2022-04-24T17:25:41Z</time>
   </trkpt>
   <trkpt lat="52.2619440" lon="21.0148650">
    <ele>87.8</ele>
    <time>2022-04-24T17:25:43Z</time>
   </trkpt>
   <trkpt lat="52.2619260" lon="21.0147470">
    <ele>87.9</ele>
    <time>2022-04-24T17:25:44Z</time>
   </trkpt>
   <trkpt lat="52.2619100" lon="21.0146530">
    <ele>88.0</ele>
    <time>2022-04-24T17:25:45Z</time>
   </trkpt>
   <trkpt lat="52.2618990" lon="21.0145660">
    <ele>88.1</ele>
    <time>2022-04-24T17:25:46Z</time>
   </trkpt>
   <trkpt lat="52.2618870" lon="21.0144610">
    <ele>88.3</ele>
    <time>2022-04-24T17:25:47Z</time>
   </trkpt>
   <trkpt lat="52.2618720" lon="21.0143620">
    <ele>88.4</ele>
    <time>2022-04-24T17:25:48Z</time>
   </trkpt>
   <trkpt lat="52.2618680" lon="21.0142700">
    <ele>88.6</ele>
    <time>2022-04-24T17:25:49Z</time>
   </trkpt>
   <trkpt lat="52.2618750" lon="21.0141830">
    <ele>88.7</ele>
    <time>2022-04-24T17:25:50Z</time>
   </trkpt>
   <trkpt lat="52.2618850" lon="21.0141020">
    <ele>88.8</ele>
    <time>2022-04-24T17:25:51Z</time>
   </trkpt>
   <trkpt lat="52.2619090" lon="21.0139920">
    <ele>89.1</ele>
    <time>2022-04-24T17:25:52Z</time>
   </trkpt>
   <trkpt lat="52.2619220" lon="21.0138700">
    <ele>89.2</ele>
    <time>2022-04-24T17:25:54Z</time>
   </trkpt>
   <trkpt lat="52.2619250" lon="21.0138060">
    <ele>89.2</ele>
    <time>2022-04-24T17:25:55Z</time>
   </trkpt>
   <trkpt lat="52.2619260" lon="21.0137270">
    <ele>89.2</ele>
    <time>2022-04-24T17:25:56Z</time>
   </trkpt>
   <trkpt lat="52.2619470" lon="21.0135640">
    <ele>89.3</ele>
    <time>2022-04-24T17:25:57Z</time>
   </trkpt>
   <trkpt lat="52.2619520" lon="21.0134910">
    <ele>89.3</ele>
    <time>2022-04-24T17:25:58Z</time>
   </trkpt>
   <trkpt lat="52.2619490" lon="21.0134200">
    <ele>89.3</ele>
    <time>2022-04-24T17:25:59Z</time>
   </trkpt>
   <trkpt lat="52.2619390" lon="21.0133790">
    <ele>89.3</ele>
    <time>2022-04-24T17:26:00Z</time>
   </trkpt>
   <trkpt lat="52.2619490" lon="21.0133710">
    <ele>89.3</ele>
    <time>2022-04-24T17:26:01Z</time>
   </trkpt>
   <trkpt lat="52.2619790" lon="21.0133320">
    <ele>89.3</ele>
    <time>2022-04-24T17:26:02Z</time>
   </trkpt>
   <trkpt lat="52.2620090" lon="21.0132940">
    <ele>89.3</ele>
    <time>2022-04-24T17:26:03Z</time>
   </trkpt>
   <trkpt lat="52.2620240" lon="21.0132850">
    <ele>89.3</ele>
    <time>2022-04-24T17:26:04Z</time>
   </trkpt>
   <trkpt lat="52.2619950" lon="21.0132110">
    <ele>89.3</ele>
    <time>2022-04-24T17:26:05Z</time>
   </trkpt>
   <trkpt lat="52.2619640" lon="21.0131490">
    <ele>89.3</ele>
    <time>2022-04-24T17:26:06Z</time>
   </trkpt>
   <trkpt lat="52.2619190" lon="21.0130710">
    <ele>89.3</ele>
    <time>2022-04-24T17:26:07Z</time>
   </trkpt>
   <trkpt lat="52.2618820" lon="21.0129990">
    <ele>89.3</ele>
    <time>2022-04-24T17:26:08Z</time>
   </trkpt>
   <trkpt lat="52.2618510" lon="21.0129300">
    <ele>89.3</ele>
    <time>2022-04-24T17:26:09Z</time>
   </trkpt>
   <trkpt lat="52.2618100" lon="21.0128400">
    <ele>89.2</ele>
    <time>2022-04-24T17:26:10Z</time>
   </trkpt>
   <trkpt lat="52.2617860" lon="21.0127700">
    <ele>89.2</ele>
    <time>2022-04-24T17:26:11Z</time>
   </trkpt>
   <trkpt lat="52.2617610" lon="21.0127060">
    <ele>89.2</ele>
    <time>2022-04-24T17:26:12Z</time>
   </trkpt>
   <trkpt lat="52.2617320" lon="21.0126730">
    <ele>89.2</ele>
    <time>2022-04-24T17:26:13Z</time>
   </trkpt>
   <trkpt lat="52.2616780" lon="21.0125390">
    <ele>89.1</ele>
    <time>2022-04-24T17:26:14Z</time>
   </trkpt>
   <trkpt lat="52.2616450" lon="21.0124410">
    <ele>89.1</ele>
    <time>2022-04-24T17:26:15Z</time>
   </trkpt>
   <trkpt lat="52.2616220" lon="21.0123500">
    <ele>89.1</ele>
    <time>2022-04-24T17:26:16Z</time>
   </trkpt>
   <trkpt lat="52.2616030" lon="21.0122550">
    <ele>89.1</ele>
    <time>2022-04-24T17:26:17Z</time>
   </trkpt>
   <trkpt lat="52.2615870" lon="21.0121570">
    <ele>89.1</ele>
    <time>2022-04-24T17:26:18Z</time>
   </trkpt>
   <trkpt lat="52.2615660" lon="21.0120740">
    <ele>89.1</ele>
    <time>2022-04-24T17:26:19Z</time>
   </trkpt>
   <trkpt lat="52.2615370" lon="21.0119980">
    <ele>89.1</ele>
    <time>2022-04-24T17:26:20Z</time>
   </trkpt>
   <trkpt lat="52.2615180" lon="21.0119310">
    <ele>89.0</ele>
    <time>2022-04-24T17:26:21Z</time>
   </trkpt>
   <trkpt lat="52.2615010" lon="21.0118870">
    <ele>89.0</ele>
    <time>2022-04-24T17:26:22Z</time>
   </trkpt>
   <trkpt lat="52.2614910" lon="21.0118680">
    <ele>89.0</ele>
    <time>2022-04-24T17:26:23Z</time>
   </trkpt>
   <trkpt lat="52.2614600" lon="21.0117880">
    <ele>89.0</ele>
    <time>2022-04-24T17:26:25Z</time>
   </trkpt>
   <trkpt lat="52.2614210" lon="21.0116990">
    <ele>89.0</ele>
    <time>2022-04-24T17:26:26Z</time>
   </trkpt>
   <trkpt lat="52.2613850" lon="21.0116230">
    <ele>89.0</ele>
    <time>2022-04-24T17:26:27Z</time>
   </trkpt>
   <trkpt lat="52.2613410" lon="21.0114950">
    <ele>88.9</ele>
    <time>2022-04-24T17:26:28Z</time>
   </trkpt>
   <trkpt lat="52.2613090" lon="21.0113740">
    <ele>88.9</ele>
    <time>2022-04-24T17:26:29Z</time>
   </trkpt>
   <trkpt lat="52.2612770" lon="21.0112720">
    <ele>88.9</ele>
    <time>2022-04-24T17:26:30Z</time>
   </trkpt>
   <trkpt lat="52.2612460" lon="21.0111740">
    <ele>88.9</ele>
    <time>2022-04-24T17:26:31Z</time>
   </trkpt>
   <trkpt lat="52.2612250" lon="21.0110770">
    <ele>88.9</ele>
    <time>2022-04-24T17:26:32Z</time>
   </trkpt>
   <trkpt lat="52.2612020" lon="21.0109820">
    <ele>88.9</ele>
    <time>2022-04-24T17:26:33Z</time>
   </trkpt>
   <trkpt lat="52.2611740" lon="21.0109000">
    <ele>88.9</ele>
    <time>2022-04-24T17:26:34Z</time>
   </trkpt>
   <trkpt lat="52.2611510" lon="21.0108180">
    <ele>88.9</ele>
    <time>2022-04-24T17:26:35Z</time>
   </trkpt>
   <trkpt lat="52.2611270" lon="21.0107390">
    <ele>88.9</ele>
    <time>2022-04-24T17:26:36Z</time>
   </trkpt>
   <trkpt lat="52.2611100" lon="21.0106890">
    <ele>88.9</ele>
    <time>2022-04-24T17:26:37Z</time>
   </trkpt>
   <trkpt lat="52.2610900" lon="21.0106350">
    <ele>88.9</ele>
    <time>2022-04-24T17:26:38Z</time>
   </trkpt>
   <trkpt lat="52.2610610" lon="21.0105430">
    <ele>88.9</ele>
    <time>2022-04-24T17:26:39Z</time>
   </trkpt>
   <trkpt lat="52.2610340" lon="21.0104640">
    <ele>88.9</ele>
    <time>2022-04-24T17:26:40Z</time>
   </trkpt>
   <trkpt lat="52.2610110" lon="21.0103780">
    <ele>88.9</ele>
    <time>2022-04-24T17:26:41Z</time>
   </trkpt>
   <trkpt lat="52.2609810" lon="21.0102910">
    <ele>88.9</ele>
    <time>2022-04-24T17:26:42Z</time>
   </trkpt>
   <trkpt lat="52.2609540" lon="21.0102070">
    <ele>88.9</ele>
    <time>2022-04-24T17:26:43Z</time>
   </trkpt>
   <trkpt lat="52.2609390" lon="21.0101240">
    <ele>88.9</ele>
    <time>2022-04-24T17:26:44Z</time>
   </trkpt>
   <trkpt lat="52.2609200" lon="21.0100370">
    <ele>88.9</ele>
    <time>2022-04-24T17:26:45Z</time>
   </trkpt>
   <trkpt lat="52.2608960" lon="21.0099620">
    <ele>88.9</ele>
    <time>2022-04-24T17:26:46Z</time>
   </trkpt>
   <trkpt lat="52.2608710" lon="21.0098970">
    <ele>88.9</ele>
    <time>2022-04-24T17:26:47Z</time>
   </trkpt>
   <trkpt lat="52.2608470" lon="21.0098400">
    <ele>88.9</ele>
    <time>2022-04-24T17:26:48Z</time>
   </trkpt>
   <trkpt lat="52.2608290" lon="21.0097920">
    <ele>88.9</ele>
    <time>2022-04-24T17:26:49Z</time>
   </trkpt>
   <trkpt lat="52.2608060" lon="21.0096960">
    <ele>88.9</ele>
    <time>2022-04-24T17:26:50Z</time>
   </trkpt>
   <trkpt lat="52.2607760" lon="21.0096180">
    <ele>88.9</ele>
    <time>2022-04-24T17:26:51Z</time>
   </trkpt>
   <trkpt lat="52.2607550" lon="21.0095660">
    <ele>88.9</ele>
    <time>2022-04-24T17:26:52Z</time>
   </trkpt>
   <trkpt lat="52.2607360" lon="21.0094700">
    <ele>88.9</ele>
    <time>2022-04-24T17:26:53Z</time>
   </trkpt>
   <trkpt lat="52.2607090" lon="21.0094130">
    <ele>88.9</ele>
    <time>2022-04-24T17:26:54Z</time>
   </trkpt>
   <trkpt lat="52.2606950" lon="21.0092370">
    <ele>88.9</ele>
    <time>2022-04-24T17:26:56Z</time>
   </trkpt>
   <trkpt lat="52.2606820" lon="21.0091260">
    <ele>88.9</ele>
    <time>2022-04-24T17:26:57Z</time>
   </trkpt>
   <trkpt lat="52.2606650" lon="21.0090480">
    <ele>88.9</ele>
    <time>2022-04-24T17:26:58Z</time>
   </trkpt>
   <trkpt lat="52.2606560" lon="21.0090030">
    <ele>88.9</ele>
    <time>2022-04-24T17:26:59Z</time>
   </trkpt>
   <trkpt lat="52.2606490" lon="21.0089830">
    <ele>88.9</ele>
    <time>2022-04-24T17:27:01Z</time>
   </trkpt>
   <trkpt lat="52.2606460" lon="21.0089690">
    <ele>88.9</ele>
    <time>2022-04-24T17:27:02Z</time>
   </trkpt>
   <trkpt lat="52.2606430" lon="21.0089560">
    <ele>88.9</ele>
    <time>2022-04-24T17:27:03Z</time>
   </trkpt>
   <trkpt lat="52.2606390" lon="21.0089420">
    <ele>88.9</ele>
    <time>2022-04-24T17:27:04Z</time>
   </trkpt>
   <trkpt lat="52.2606200" lon="21.0088870">
    <ele>88.9</ele>
    <time>2022-04-24T17:27:06Z</time>
   </trkpt>
   <trkpt lat="52.2606130" lon="21.0088670">
    <ele>88.9</ele>
    <time>2022-04-24T17:27:07Z</time>
   </trkpt>
   <trkpt lat="52.2605860" lon="21.0088010">
    <ele>88.9</ele>
    <time>2022-04-24T17:27:08Z</time>
   </trkpt>
   <trkpt lat="52.2605660" lon="21.0087540">
    <ele>88.9</ele>
    <time>2022-04-24T17:27:10Z</time>
   </trkpt>
   <trkpt lat="52.2605370" lon="21.0086890">
    <ele>88.9</ele>
    <time>2022-04-24T17:27:11Z</time>
   </trkpt>
   <trkpt lat="52.2605090" lon="21.0086300">
    <ele>89.0</ele>
    <time>2022-04-24T17:27:12Z</time>
   </trkpt>
   <trkpt lat="52.2604890" lon="21.0085880">
    <ele>89.0</ele>
    <time>2022-04-24T17:27:13Z</time>
   </trkpt>
   <trkpt lat="52.2604760" lon="21.0085520">
    <ele>89.0</ele>
    <time>2022-04-24T17:27:14Z</time>
   </trkpt>
   <trkpt lat="52.2604490" lon="21.0084740">
    <ele>89.0</ele>
    <time>2022-04-24T17:27:16Z</time>
   </trkpt>
   <trkpt lat="52.2604260" lon="21.0084050">
    <ele>89.1</ele>
    <time>2022-04-24T17:27:17Z</time>
   </trkpt>
   <trkpt lat="52.2604020" lon="21.0083280">
    <ele>89.1</ele>
    <time>2022-04-24T17:27:18Z</time>
   </trkpt>
   <trkpt lat="52.2602430" lon="21.0078190">
    <ele>89.2</ele>
    <time>2022-04-24T17:27:19Z</time>
   </trkpt>
   <trkpt lat="52.2602170" lon="21.0077360">
    <ele>89.3</ele>
    <time>2022-04-24T17:27:20Z</time>
   </trkpt>
   <trkpt lat="52.2601520" lon="21.0075170">
    <ele>89.3</ele>
    <time>2022-04-24T17:27:21Z</time>
   </trkpt>
   <trkpt lat="52.2600940" lon="21.0071800">
    <ele>89.3</ele>
    <time>2022-04-24T17:27:22Z</time>
   </trkpt>
   <trkpt lat="52.2601030" lon="21.0072940">
    <ele>89.3</ele>
    <time>2022-04-24T17:27:23Z</time>
   </trkpt>
   <trkpt lat="52.2601380" lon="21.0074610">
    <ele>89.3</ele>
    <time>2022-04-24T17:27:24Z</time>
   </trkpt>
   <trkpt lat="52.2601290" lon="21.0074690">
    <ele>89.3</ele>
    <time>2022-04-24T17:27:25Z</time>
   </trkpt>
   <trkpt lat="52.2600510" lon="21.0073430">
    <ele>89.4</ele>
    <time>2022-04-24T17:27:27Z</time>
   </trkpt>
   <trkpt lat="52.2599980" lon="21.0072820">
    <ele>89.4</ele>
    <time>2022-04-24T17:27:28Z</time>
   </trkpt>
   <trkpt lat="52.2599360" lon="21.0072440">
    <ele>89.4</ele>
    <time>2022-04-24T17:27:29Z</time>
   </trkpt>
   <trkpt lat="52.2596580" lon="21.0070320">
    <ele>89.4</ele>
    <time>2022-04-24T17:27:31Z</time>
   </trkpt>
   <trkpt lat="52.2595860" lon="21.0069590">
    <ele>89.4</ele>
    <time>2022-04-24T17:27:32Z</time>
   </trkpt>
   <trkpt lat="52.2595250" lon="21.0068930">
    <ele>89.4</ele>
    <time>2022-04-24T17:27:33Z</time>
   </trkpt>
   <trkpt lat="52.2594750" lon="21.0068110">
    <ele>89.4</ele>
    <time>2022-04-24T17:27:34Z</time>
   </trkpt>
   <trkpt lat="52.2594350" lon="21.0067410">
    <ele>89.4</ele>
    <time>2022-04-24T17:27:35Z</time>
   </trkpt>
   <trkpt lat="52.2593980" lon="21.0066570">
    <ele>89.4</ele>
    <time>2022-04-24T17:27:36Z</time>
   </trkpt>
   <trkpt lat="52.2593770" lon="21.0065880">
    <ele>89.5</ele>
    <time>2022-04-24T17:27:37Z</time>
   </trkpt>
   <trkpt lat="52.2593570" lon="21.0065130">
    <ele>89.5</ele>
    <time>2022-04-24T17:27:38Z</time>
   </trkpt>
   <trkpt lat="52.2593460" lon="21.0064340">
    <ele>89.6</ele>
    <time>2022-04-24T17:27:39Z</time>
   </trkpt>
   <trkpt lat="52.2593360" lon="21.0063520">
    <ele>89.6</ele>
    <time>2022-04-24T17:27:40Z</time>
   </trkpt>
   <trkpt lat="52.2593240" lon="21.0062660">
    <ele>89.6</ele>
    <time>2022-04-24T17:27:41Z</time>
   </trkpt>
   <trkpt lat="52.2593030" lon="21.0061850">
    <ele>89.6</ele>
    <time>2022-04-24T17:27:42Z</time>
   </trkpt>
   <trkpt lat="52.2592840" lon="21.0061000">
    <ele>89.7</ele>
    <time>2022-04-24T17:27:43Z</time>
   </trkpt>
   <trkpt lat="52.2592650" lon="21.0060120">
    <ele>89.7</ele>
    <time>2022-04-24T17:27:44Z</time>
   </trkpt>
   <trkpt lat="52.2592430" lon="21.0059280">
    <ele>89.7</ele>
    <time>2022-04-24T17:27:45Z</time>
   </trkpt>
   <trkpt lat="52.2592080" lon="21.0058510">
    <ele>89.8</ele>
    <time>2022-04-24T17:27:46Z</time>
   </trkpt>
   <trkpt lat="52.2591770" lon="21.0057560">
    <ele>89.9</ele>
    <time>2022-04-24T17:27:47Z</time>
   </trkpt>
   <trkpt lat="52.2591320" lon="21.0056910">
    <ele>89.9</ele>
    <time>2022-04-24T17:27:48Z</time>
   </trkpt>
   <trkpt lat="52.2590930" lon="21.0056240">
    <ele>90.1</ele>
    <time>2022-04-24T17:27:49Z</time>
   </trkpt>
   <trkpt lat="52.2590620" lon="21.0055510">
    <ele>90.2</ele>
    <time>2022-04-24T17:27:50Z</time>
   </trkpt>
   <trkpt lat="52.2590380" lon="21.0054820">
    <ele>90.5</ele>
    <time>2022-04-24T17:27:51Z</time>
   </trkpt>
   <trkpt lat="52.2590250" lon="21.0054250">
    <ele>90.7</ele>
    <time>2022-04-24T17:27:52Z</time>
   </trkpt>
   <trkpt lat="52.2590330" lon="21.0054160">
    <ele>90.8</ele>
    <time>2022-04-24T17:27:53Z</time>
   </trkpt>
   <trkpt lat="52.2590340" lon="21.0053990">
    <ele>90.8</ele>
    <time>2022-04-24T17:27:54Z</time>
   </trkpt>
   <trkpt lat="52.2590350" lon="21.0053740">
    <ele>90.9</ele>
    <time>2022-04-24T17:27:55Z</time>
   </trkpt>
   <trkpt lat="52.2590380" lon="21.0053480">
    <ele>91.0</ele>
    <time>2022-04-24T17:27:56Z</time>
   </trkpt>
   <trkpt lat="52.2590420" lon="21.0053210">
    <ele>91.1</ele>
    <time>2022-04-24T17:27:57Z</time>
   </trkpt>
   <trkpt lat="52.2590490" lon="21.0052740">
    <ele>91.3</ele>
    <time>2022-04-24T17:27:58Z</time>
   </trkpt>
   <trkpt lat="52.2590510" lon="21.0052570">
    <ele>91.3</ele>
    <time>2022-04-24T17:27:59Z</time>
   </trkpt>
   <trkpt lat="52.2590520" lon="21.0052430">
    <ele>91.4</ele>
    <time>2022-04-24T17:28:00Z</time>
   </trkpt>
   <trkpt lat="52.2590560" lon="21.0052280">
    <ele>91.4</ele>
    <time>2022-04-24T17:28:01Z</time>
   </trkpt>
   <trkpt lat="52.2590630" lon="21.0052050">
    <ele>91.5</ele>
    <time>2022-04-24T17:28:02Z</time>
   </trkpt>
   <trkpt lat="52.2590700" lon="21.0051310">
    <ele>91.8</ele>
    <time>2022-04-24T17:28:04Z</time>
   </trkpt>
   <trkpt lat="52.2590720" lon="21.0050720">
    <ele>92.0</ele>
    <time>2022-04-24T17:28:05Z</time>
   </trkpt>
   <trkpt lat="52.2590690" lon="21.0050180">
    <ele>92.2</ele>
    <time>2022-04-24T17:28:06Z</time>
   </trkpt>
   <trkpt lat="52.2590680" lon="21.0049660">
    <ele>92.4</ele>
    <time>2022-04-24T17:28:07Z</time>
   </trkpt>
   <trkpt lat="52.2590650" lon="21.0049270">
    <ele>92.6</ele>
    <time>2022-04-24T17:28:08Z</time>
   </trkpt>
   <trkpt lat="52.2590510" lon="21.0048110">
    <ele>93.0</ele>
    <time>2022-04-24T17:28:10Z</time>
   </trkpt>
   <trkpt lat="52.2590410" lon="21.0047340">
    <ele>93.3</ele>
    <time>2022-04-24T17:28:11Z</time>
   </trkpt>
   <trkpt lat="52.2590220" lon="21.0046180">
    <ele>93.7</ele>
    <time>2022-04-24T17:28:12Z</time>
   </trkpt>
   <trkpt lat="52.2590000" lon="21.0044880">
    <ele>94.1</ele>
    <time>2022-04-24T17:28:13Z</time>
   </trkpt>
   <trkpt lat="52.2589800" lon="21.0043820">
    <ele>94.4</ele>
    <time>2022-04-24T17:28:14Z</time>
   </trkpt>
   <trkpt lat="52.2589630" lon="21.0043020">
    <ele>94.5</ele>
    <time>2022-04-24T17:28:15Z</time>
   </trkpt>
   <trkpt lat="52.2589100" lon="21.0038850">
    <ele>94.9</ele>
    <time>2022-04-24T17:28:16Z</time>
   </trkpt>
   <trkpt lat="52.2588980" lon="21.0038500">
    <ele>94.9</ele>
    <time>2022-04-24T17:28:17Z</time>
   </trkpt>
   <trkpt lat="52.2588730" lon="21.0037380">
    <ele>95.1</ele>
    <time>2022-04-24T17:28:18Z</time>
   </trkpt>
   <trkpt lat="52.2588520" lon="21.0036360">
    <ele>95.2</ele>
    <time>2022-04-24T17:28:19Z</time>
   </trkpt>
   <trkpt lat="52.2588450" lon="21.0035790">
    <ele>95.2</ele>
    <time>2022-04-24T17:28:20Z</time>
   </trkpt>
   <trkpt lat="52.2588220" lon="21.0034840">
    <ele>95.4</ele>
    <time>2022-04-24T17:28:21Z</time>
   </trkpt>
   <trkpt lat="52.2587660" lon="21.0034170">
    <ele>95.5</ele>
    <time>2022-04-24T17:28:23Z</time>
   </trkpt>
   <trkpt lat="52.2587310" lon="21.0033910">
    <ele>95.6</ele>
    <time>2022-04-24T17:28:24Z</time>
   </trkpt>
   <trkpt lat="52.2587040" lon="21.0033620">
    <ele>95.6</ele>
    <time>2022-04-24T17:28:25Z</time>
   </trkpt>
   <trkpt lat="52.2586750" lon="21.0033260">
    <ele>95.7</ele>
    <time>2022-04-24T17:28:26Z</time>
   </trkpt>
   <trkpt lat="52.2586500" lon="21.0032860">
    <ele>95.7</ele>
    <time>2022-04-24T17:28:27Z</time>
   </trkpt>
   <trkpt lat="52.2586310" lon="21.0032530">
    <ele>95.8</ele>
    <time>2022-04-24T17:28:28Z</time>
   </trkpt>
   <trkpt lat="52.2586160" lon="21.0032100">
    <ele>95.8</ele>
    <time>2022-04-24T17:28:29Z</time>
   </trkpt>
   <trkpt lat="52.2586000" lon="21.0031650">
    <ele>95.8</ele>
    <time>2022-04-24T17:28:30Z</time>
   </trkpt>
   <trkpt lat="52.2585860" lon="21.0031110">
    <ele>95.9</ele>
    <time>2022-04-24T17:28:31Z</time>
   </trkpt>
   <trkpt lat="52.2585740" lon="21.0030550">
    <ele>95.9</ele>
    <time>2022-04-24T17:28:32Z</time>
   </trkpt>
   <trkpt lat="52.2585610" lon="21.0029950">
    <ele>95.9</ele>
    <time>2022-04-24T17:28:33Z</time>
   </trkpt>
   <trkpt lat="52.2585340" lon="21.0028900">
    <ele>95.9</ele>
    <time>2022-04-24T17:28:35Z</time>
   </trkpt>
   <trkpt lat="52.2584930" lon="21.0027550">
    <ele>95.7</ele>
    <time>2022-04-24T17:28:36Z</time>
   </trkpt>
   <trkpt lat="52.2584690" lon="21.0026870">
    <ele>95.8</ele>
    <time>2022-04-24T17:28:37Z</time>
   </trkpt>
   <trkpt lat="52.2584810" lon="21.0026180">
    <ele>95.8</ele>
    <time>2022-04-24T17:28:39Z</time>
   </trkpt>
   <trkpt lat="52.2584750" lon="21.0025790">
    <ele>95.8</ele>
    <time>2022-04-24T17:28:40Z</time>
   </trkpt>
   <trkpt lat="52.2584500" lon="21.0024250">
    <ele>95.9</ele>
    <time>2022-04-24T17:28:42Z</time>
   </trkpt>
   <trkpt lat="52.2584460" lon="21.0024050">
    <ele>95.9</ele>
    <time>2022-04-24T17:28:43Z</time>
   </trkpt>
   <trkpt lat="52.2584280" lon="21.0023860">
    <ele>95.9</ele>
    <time>2022-04-24T17:28:44Z</time>
   </trkpt>
   <trkpt lat="52.2584200" lon="21.0023660">
    <ele>95.9</ele>
    <time>2022-04-24T17:28:45Z</time>
   </trkpt>
   <trkpt lat="52.2584160" lon="21.0023500">
    <ele>95.9</ele>
    <time>2022-04-24T17:28:46Z</time>
   </trkpt>
   <trkpt lat="52.2584130" lon="21.0023350">
    <ele>95.9</ele>
    <time>2022-04-24T17:28:47Z</time>
   </trkpt>
   <trkpt lat="52.2584100" lon="21.0023190">
    <ele>95.9</ele>
    <time>2022-04-24T17:28:48Z</time>
   </trkpt>
   <trkpt lat="52.2583980" lon="21.0021420">
    <ele>96.0</ele>
    <time>2022-04-24T17:28:50Z</time>
   </trkpt>
   <trkpt lat="52.2583620" lon="21.0020490">
    <ele>96.0</ele>
    <time>2022-04-24T17:28:51Z</time>
   </trkpt>
   <trkpt lat="52.2583040" lon="21.0019860">
    <ele>96.1</ele>
    <time>2022-04-24T17:28:52Z</time>
   </trkpt>
   <trkpt lat="52.2581820" lon="21.0018470">
    <ele>95.9</ele>
    <time>2022-04-24T17:28:53Z</time>
   </trkpt>
   <trkpt lat="52.2581210" lon="21.0018090">
    <ele>95.9</ele>
    <time>2022-04-24T17:28:54Z</time>
   </trkpt>
   <trkpt lat="52.2580660" lon="21.0017760">
    <ele>95.8</ele>
    <time>2022-04-24T17:28:55Z</time>
   </trkpt>
   <trkpt lat="52.2580120" lon="21.0017430">
    <ele>95.7</ele>
    <time>2022-04-24T17:28:56Z</time>
   </trkpt>
   <trkpt lat="52.2579630" lon="21.0017060">
    <ele>95.7</ele>
    <time>2022-04-24T17:28:57Z</time>
   </trkpt>
   <trkpt lat="52.2579070" lon="21.0016590">
    <ele>95.7</ele>
    <time>2022-04-24T17:28:58Z</time>
   </trkpt>
   <trkpt lat="52.2578580" lon="21.0016060">
    <ele>95.7</ele>
    <time>2022-04-24T17:28:59Z</time>
   </trkpt>
   <trkpt lat="52.2578090" lon="21.0015510">
    <ele>95.7</ele>
    <time>2022-04-24T17:29:00Z</time>
   </trkpt>
   <trkpt lat="52.2577660" lon="21.0015070">
    <ele>95.7</ele>
    <time>2022-04-24T17:29:01Z</time>
   </trkpt>
   <trkpt lat="52.2577510" lon="21.0014900">
    <ele>95.8</ele>
    <time>2022-04-24T17:29:02Z</time>
   </trkpt>
   <trkpt lat="52.2577480" lon="21.0014820">
    <ele>95.8</ele>
    <time>2022-04-24T17:29:03Z</time>
   </trkpt>
   <trkpt lat="52.2577520" lon="21.0014820">
    <ele>95.8</ele>
    <time>2022-04-24T17:29:04Z</time>
   </trkpt>
   <trkpt lat="52.2577480" lon="21.0014750">
    <ele>95.8</ele>
    <time>2022-04-24T17:29:05Z</time>
   </trkpt>
   <trkpt lat="52.2577440" lon="21.0014690">
    <ele>95.8</ele>
    <time>2022-04-24T17:29:06Z</time>
   </trkpt>
   <trkpt lat="52.2577370" lon="21.0014550">
    <ele>95.8</ele>
    <time>2022-04-24T17:29:07Z</time>
   </trkpt>
   <trkpt lat="52.2577330" lon="21.0014460">
    <ele>95.8</ele>
    <time>2022-04-24T17:29:08Z</time>
   </trkpt>
   <trkpt lat="52.2577290" lon="21.0014360">
    <ele>95.8</ele>
    <time>2022-04-24T17:29:09Z</time>
   </trkpt>
   <trkpt lat="52.2577260" lon="21.0014270">
    <ele>95.8</ele>
    <time>2022-04-24T17:29:10Z</time>
   </trkpt>
   <trkpt lat="52.2577220" lon="21.0014170">
    <ele>95.8</ele>
    <time>2022-04-24T17:29:11Z</time>
   </trkpt>
   <trkpt lat="52.2577180" lon="21.0013980">
    <ele>95.8</ele>
    <time>2022-04-24T17:29:12Z</time>
   </trkpt>
   <trkpt lat="52.2577170" lon="21.0013720">
    <ele>96.2</ele>
    <time>2022-04-24T17:29:13Z</time>
   </trkpt>
   <trkpt lat="52.2577450" lon="21.0012960">
    <ele>96.3</ele>
    <time>2022-04-24T17:29:15Z</time>
   </trkpt>
   <trkpt lat="52.2577600" lon="21.0012420">
    <ele>96.3</ele>
    <time>2022-04-24T17:29:16Z</time>
   </trkpt>
   <trkpt lat="52.2577720" lon="21.0011930">
    <ele>96.4</ele>
    <time>2022-04-24T17:29:17Z</time>
   </trkpt>
   <trkpt lat="52.2577730" lon="21.0011830">
    <ele>96.4</ele>
    <time>2022-04-24T17:29:18Z</time>
   </trkpt>
   <trkpt lat="52.2577450" lon="21.0011350">
    <ele>96.4</ele>
    <time>2022-04-24T17:29:19Z</time>
   </trkpt>
   <trkpt lat="52.2577480" lon="21.0010960">
    <ele>96.5</ele>
    <time>2022-04-24T17:29:21Z</time>
   </trkpt>
   <trkpt lat="52.2577530" lon="21.0010790">
    <ele>96.5</ele>
    <time>2022-04-24T17:29:22Z</time>
   </trkpt>
   <trkpt lat="52.2577580" lon="21.0010620">
    <ele>96.5</ele>
    <time>2022-04-24T17:29:24Z</time>
   </trkpt>
   <trkpt lat="52.2577630" lon="21.0010450">
    <ele>96.5</ele>
    <time>2022-04-24T17:29:25Z</time>
   </trkpt>
   <trkpt lat="52.2577670" lon="21.0010280">
    <ele>96.5</ele>
    <time>2022-04-24T17:29:26Z</time>
   </trkpt>
   <trkpt lat="52.2577910" lon="21.0009790">
    <ele>96.5</ele>
    <time>2022-04-24T17:29:27Z</time>
   </trkpt>
   <trkpt lat="52.2578170" lon="21.0009200">
    <ele>96.6</ele>
    <time>2022-04-24T17:29:28Z</time>
   </trkpt>
   <trkpt lat="52.2578370" lon="21.0008610">
    <ele>96.6</ele>
    <time>2022-04-24T17:29:29Z</time>
   </trkpt>
   <trkpt lat="52.2578610" lon="21.0007890">
    <ele>96.7</ele>
    <time>2022-04-24T17:29:30Z</time>
   </trkpt>
   <trkpt lat="52.2578850" lon="21.0007110">
    <ele>96.7</ele>
    <time>2022-04-24T17:29:31Z</time>
   </trkpt>
   <trkpt lat="52.2579150" lon="21.0006020">
    <ele>96.8</ele>
    <time>2022-04-24T17:29:32Z</time>
   </trkpt>
   <trkpt lat="52.2579390" lon="21.0005280">
    <ele>96.9</ele>
    <time>2022-04-24T17:29:33Z</time>
   </trkpt>
   <trkpt lat="52.2579610" lon="21.0004560">
    <ele>96.9</ele>
    <time>2022-04-24T17:29:34Z</time>
   </trkpt>
   <trkpt lat="52.2579880" lon="21.0003710">
    <ele>97.0</ele>
    <time>2022-04-24T17:29:35Z</time>
   </trkpt>
   <trkpt lat="52.2580210" lon="21.0002710">
    <ele>97.1</ele>
    <time>2022-04-24T17:29:36Z</time>
   </trkpt>
   <trkpt lat="52.2580460" lon="21.0002060">
    <ele>97.2</ele>
    <time>2022-04-24T17:29:37Z</time>
   </trkpt>
   <trkpt lat="52.2580720" lon="21.0001410">
    <ele>97.3</ele>
    <time>2022-04-24T17:29:38Z</time>
   </trkpt>
   <trkpt lat="52.2580940" lon="21.0000780">
    <ele>97.4</ele>
    <time>2022-04-24T17:29:39Z</time>
   </trkpt>
   <trkpt lat="52.2581160" lon="21.0000040">
    <ele>97.4</ele>
    <time>2022-04-24T17:29:40Z</time>
   </trkpt>
   <trkpt lat="52.2581380" lon="20.9999580">
    <ele>97.5</ele>
    <time>2022-04-24T17:29:41Z</time>
   </trkpt>
   <trkpt lat="52.2581610" lon="20.9999100">
    <ele>97.5</ele>
    <time>2022-04-24T17:29:42Z</time>
   </trkpt>
   <trkpt lat="52.2581940" lon="20.9998430">
    <ele>97.6</ele>
    <time>2022-04-24T17:29:43Z</time>
   </trkpt>
   <trkpt lat="52.2582250" lon="20.9997750">
    <ele>97.6</ele>
    <time>2022-04-24T17:29:44Z</time>
   </trkpt>
   <trkpt lat="52.2582470" lon="20.9996920">
    <ele>97.7</ele>
    <time>2022-04-24T17:29:45Z</time>
   </trkpt>
   <trkpt lat="52.2582670" lon="20.9996180">
    <ele>97.7</ele>
    <time>2022-04-24T17:29:46Z</time>
   </trkpt>
   <trkpt lat="52.2582870" lon="20.9995490">
    <ele>97.7</ele>
    <time>2022-04-24T17:29:47Z</time>
   </trkpt>
   <trkpt lat="52.2583040" lon="20.9995050">
    <ele>97.8</ele>
    <time>2022-04-24T17:29:48Z</time>
   </trkpt>
   <trkpt lat="52.2583250" lon="20.9994550">
    <ele>97.8</ele>
    <time>2022-04-24T17:29:49Z</time>
   </trkpt>
   <trkpt lat="52.2583500" lon="20.9994080">
    <ele>97.8</ele>
    <time>2022-04-24T17:29:50Z</time>
   </trkpt>
   <trkpt lat="52.2583750" lon="20.9993540">
    <ele>97.8</ele>
    <time>2022-04-24T17:29:51Z</time>
   </trkpt>
   <trkpt lat="52.2584130" lon="20.9992570">
    <ele>97.9</ele>
    <time>2022-04-24T17:29:53Z</time>
   </trkpt>
   <trkpt lat="52.2584410" lon="20.9989810">
    <ele>97.9</ele>
    <time>2022-04-24T17:29:54Z</time>
   </trkpt>
   <trkpt lat="52.2584450" lon="20.9988440">
    <ele>97.8</ele>
    <time>2022-04-24T17:29:55Z</time>
   </trkpt>
   <trkpt lat="52.2584440" lon="20.9987670">
    <ele>97.8</ele>
    <time>2022-04-24T17:29:56Z</time>
   </trkpt>
   <trkpt lat="52.2584440" lon="20.9987350">
    <ele>97.8</ele>
    <time>2022-04-24T17:29:58Z</time>
   </trkpt>
   <trkpt lat="52.2584470" lon="20.9987100">
    <ele>97.8</ele>
    <time>2022-04-24T17:29:59Z</time>
   </trkpt>
   <trkpt lat="52.2584490" lon="20.9986610">
    <ele>97.8</ele>
    <time>2022-04-24T17:30:00Z</time>
   </trkpt>
   <trkpt lat="52.2584500" lon="20.9986450">
    <ele>97.8</ele>
    <time>2022-04-24T17:30:01Z</time>
   </trkpt>
   <trkpt lat="52.2584510" lon="20.9985890">
    <ele>97.8</ele>
    <time>2022-04-24T17:30:02Z</time>
   </trkpt>
   <trkpt lat="52.2584510" lon="20.9985600">
    <ele>97.8</ele>
    <time>2022-04-24T17:30:03Z</time>
   </trkpt>
   <trkpt lat="52.2584510" lon="20.9984010">
    <ele>97.9</ele>
    <time>2022-04-24T17:30:04Z</time>
   </trkpt>
   <trkpt lat="52.2584610" lon="20.9982900">
    <ele>97.9</ele>
    <time>2022-04-24T17:30:05Z</time>
   </trkpt>
   <trkpt lat="52.2584730" lon="20.9981790">
    <ele>97.9</ele>
    <time>2022-04-24T17:30:06Z</time>
   </trkpt>
   <trkpt lat="52.2584770" lon="20.9981030">
    <ele>97.9</ele>
    <time>2022-04-24T17:30:07Z</time>
   </trkpt>
   <trkpt lat="52.2584880" lon="20.9980230">
    <ele>97.9</ele>
    <time>2022-04-24T17:30:08Z</time>
   </trkpt>
   <trkpt lat="52.2584950" lon="20.9979600">
    <ele>98.0</ele>
    <time>2022-04-24T17:30:09Z</time>
   </trkpt>
   <trkpt lat="52.2584520" lon="20.9976830">
    <ele>98.1</ele>
    <time>2022-04-24T17:30:11Z</time>
   </trkpt>
   <trkpt lat="52.2584230" lon="20.9975400">
    <ele>98.1</ele>
    <time>2022-04-24T17:30:12Z</time>
   </trkpt>
   <trkpt lat="52.2584010" lon="20.9974190">
    <ele>98.2</ele>
    <time>2022-04-24T17:30:13Z</time>
   </trkpt>
   <trkpt lat="52.2584000" lon="20.9973110">
    <ele>98.2</ele>
    <time>2022-04-24T17:30:14Z</time>
   </trkpt>
   <trkpt lat="52.2584030" lon="20.9972320">
    <ele>98.2</ele>
    <time>2022-04-24T17:30:15Z</time>
   </trkpt>
   <trkpt lat="52.2584060" lon="20.9971360">
    <ele>98.2</ele>
    <time>2022-04-24T17:30:16Z</time>
   </trkpt>
   <trkpt lat="52.2583980" lon="20.9970440">
    <ele>98.0</ele>
    <time>2022-04-24T17:30:17Z</time>
   </trkpt>
   <trkpt lat="52.2583930" lon="20.9969620">
    <ele>98.0</ele>
    <time>2022-04-24T17:30:18Z</time>
   </trkpt>
   <trkpt lat="52.2583870" lon="20.9968870">
    <ele>98.1</ele>
    <time>2022-04-24T17:30:19Z</time>
   </trkpt>
   <trkpt lat="52.2583700" lon="20.9968030">
    <ele>98.1</ele>
    <time>2022-04-24T17:30:20Z</time>
   </trkpt>
   <trkpt lat="52.2583570" lon="20.9967320">
    <ele>98.2</ele>
    <time>2022-04-24T17:30:21Z</time>
   </trkpt>
   <trkpt lat="52.2583540" lon="20.9966850">
    <ele>98.2</ele>
    <time>2022-04-24T17:30:22Z</time>
   </trkpt>
   <trkpt lat="52.2583550" lon="20.9966660">
    <ele>98.2</ele>
    <time>2022-04-24T17:30:23Z</time>
   </trkpt>
   <trkpt lat="52.2583530" lon="20.9966340">
    <ele>98.2</ele>
    <time>2022-04-24T17:30:25Z</time>
   </trkpt>
   <trkpt lat="52.2583490" lon="20.9965940">
    <ele>98.2</ele>
    <time>2022-04-24T17:30:26Z</time>
   </trkpt>
   <trkpt lat="52.2583440" lon="20.9965550">
    <ele>98.2</ele>
    <time>2022-04-24T17:30:28Z</time>
   </trkpt>
   <trkpt lat="52.2583320" lon="20.9965120">
    <ele>98.2</ele>
    <time>2022-04-24T17:30:29Z</time>
   </trkpt>
   <trkpt lat="52.2583270" lon="20.9964980">
    <ele>98.3</ele>
    <time>2022-04-24T17:30:30Z</time>
   </trkpt>
   <trkpt lat="52.2583090" lon="20.9964390">
    <ele>98.3</ele>
    <time>2022-04-24T17:30:32Z</time>
   </trkpt>
   <trkpt lat="52.2582770" lon="20.9963560">
    <ele>98.3</ele>
    <time>2022-04-24T17:30:34Z</time>
   </trkpt>
   <trkpt lat="52.2582540" lon="20.9962940">
    <ele>98.3</ele>
    <time>2022-04-24T17:30:35Z</time>
   </trkpt>
   <trkpt lat="52.2582390" lon="20.9962530">
    <ele>98.3</ele>
    <time>2022-04-24T17:30:36Z</time>
   </trkpt>
   <trkpt lat="52.2582230" lon="20.9962110">
    <ele>98.4</ele>
    <time>2022-04-24T17:30:37Z</time>
   </trkpt>
   <trkpt lat="52.2581900" lon="20.9961220">
    <ele>98.4</ele>
    <time>2022-04-24T17:30:39Z</time>
   </trkpt>
   <trkpt lat="52.2581650" lon="20.9960520">
    <ele>98.5</ele>
    <time>2022-04-24T17:30:40Z</time>
   </trkpt>
   <trkpt lat="52.2581430" lon="20.9959880">
    <ele>98.5</ele>
    <time>2022-04-24T17:30:41Z</time>
   </trkpt>
   <trkpt lat="52.2581210" lon="20.9959100">
    <ele>98.6</ele>
    <time>2022-04-24T17:30:42Z</time>
   </trkpt>
   <trkpt lat="52.2581010" lon="20.9958280">
    <ele>98.6</ele>
    <time>2022-04-24T17:30:43Z</time>
   </trkpt>
   <trkpt lat="52.2580790" lon="20.9957070">
    <ele>98.6</ele>
    <time>2022-04-24T17:30:44Z</time>
   </trkpt>
   <trkpt lat="52.2580550" lon="20.9956000">
    <ele>98.7</ele>
    <time>2022-04-24T17:30:45Z</time>
   </trkpt>
   <trkpt lat="52.2580330" lon="20.9954960">
    <ele>98.7</ele>
    <time>2022-04-24T17:30:46Z</time>
   </trkpt>
   <trkpt lat="52.2579550" lon="20.9951010">
    <ele>99.0</ele>
    <time>2022-04-24T17:30:47Z</time>
   </trkpt>
   <trkpt lat="52.2579360" lon="20.9950220">
    <ele>99.1</ele>
    <time>2022-04-24T17:30:48Z</time>
   </trkpt>
   <trkpt lat="52.2579200" lon="20.9949920">
    <ele>99.1</ele>
    <time>2022-04-24T17:30:49Z</time>
   </trkpt>
   <trkpt lat="52.2579130" lon="20.9949740">
    <ele>99.1</ele>
    <time>2022-04-24T17:30:50Z</time>
   </trkpt>
   <trkpt lat="52.2579020" lon="20.9950310">
    <ele>99.2</ele>
    <time>2022-04-24T17:30:51Z</time>
   </trkpt>
   <trkpt lat="52.2579190" lon="20.9950710">
    <ele>99.2</ele>
    <time>2022-04-24T17:30:52Z</time>
   </trkpt>
   <trkpt lat="52.2578940" lon="20.9948770">
    <ele>99.4</ele>
    <time>2022-04-24T17:30:54Z</time>
   </trkpt>
   <trkpt lat="52.2578610" lon="20.9947580">
    <ele>99.4</ele>
    <time>2022-04-24T17:30:55Z</time>
   </trkpt>
   <trkpt lat="52.2578300" lon="20.9946700">
    <ele>99.5</ele>
    <time>2022-04-24T17:30:56Z</time>
   </trkpt>
   <trkpt lat="52.2577840" lon="20.9945720">
    <ele>99.6</ele>
    <time>2022-04-24T17:30:57Z</time>
   </trkpt>
   <trkpt lat="52.2577380" lon="20.9945030">
    <ele>99.7</ele>
    <time>2022-04-24T17:30:58Z</time>
   </trkpt>
   <trkpt lat="52.2576900" lon="20.9944370">
    <ele>99.7</ele>
    <time>2022-04-24T17:30:59Z</time>
   </trkpt>
   <trkpt lat="52.2576470" lon="20.9943740">
    <ele>99.8</ele>
    <time>2022-04-24T17:31:00Z</time>
   </trkpt>
   <trkpt lat="52.2575350" lon="20.9942450">
    <ele>100.0</ele>
    <time>2022-04-24T17:31:01Z</time>
   </trkpt>
   <trkpt lat="52.2574990" lon="20.9941940">
    <ele>100.1</ele>
    <time>2022-04-24T17:31:02Z</time>
   </trkpt>
   <trkpt lat="52.2574810" lon="20.9941170">
    <ele>100.2</ele>
    <time>2022-04-24T17:31:03Z</time>
   </trkpt>
   <trkpt lat="52.2574700" lon="20.9940830">
    <ele>100.2</ele>
    <time>2022-04-24T17:31:04Z</time>
   </trkpt>
   <trkpt lat="52.2574500" lon="20.9940130">
    <ele>100.3</ele>
    <time>2022-04-24T17:31:05Z</time>
   </trkpt>
   <trkpt lat="52.2574350" lon="20.9939500">
    <ele>100.3</ele>
    <time>2022-04-24T17:31:06Z</time>
   </trkpt>
   <trkpt lat="52.2574240" lon="20.9938770">
    <ele>100.3</ele>
    <time>2022-04-24T17:31:07Z</time>
   </trkpt>
   <trkpt lat="52.2574230" lon="20.9938140">
    <ele>100.4</ele>
    <time>2022-04-24T17:31:08Z</time>
   </trkpt>
   <trkpt lat="52.2574200" lon="20.9937670">
    <ele>100.4</ele>
    <time>2022-04-24T17:31:09Z</time>
   </trkpt>
   <trkpt lat="52.2574210" lon="20.9937610">
    <ele>100.4</ele>
    <time>2022-04-24T17:31:10Z</time>
   </trkpt>
   <trkpt lat="52.2574210" lon="20.9937270">
    <ele>100.4</ele>
    <time>2022-04-24T17:31:11Z</time>
   </trkpt>
   <trkpt lat="52.2574130" lon="20.9936940">
    <ele>100.4</ele>
    <time>2022-04-24T17:31:13Z</time>
   </trkpt>
   <trkpt lat="52.2574060" lon="20.9936610">
    <ele>100.4</ele>
    <time>2022-04-24T17:31:14Z</time>
   </trkpt>
   <trkpt lat="52.2573940" lon="20.9936000">
    <ele>100.5</ele>
    <time>2022-04-24T17:31:16Z</time>
   </trkpt>
   <trkpt lat="52.2573560" lon="20.9934040">
    <ele>100.6</ele>
    <time>2022-04-24T17:31:18Z</time>
   </trkpt>
   <trkpt lat="52.2573350" lon="20.9932910">
    <ele>100.7</ele>
    <time>2022-04-24T17:31:19Z</time>
   </trkpt>
   <trkpt lat="52.2573230" lon="20.9931960">
    <ele>100.7</ele>
    <time>2022-04-24T17:31:20Z</time>
   </trkpt>
   <trkpt lat="52.2573110" lon="20.9930790">
    <ele>100.8</ele>
    <time>2022-04-24T17:31:21Z</time>
   </trkpt>
   <trkpt lat="52.2572890" lon="20.9929180">
    <ele>101.0</ele>
    <time>2022-04-24T17:31:22Z</time>
   </trkpt>
   <trkpt lat="52.2572760" lon="20.9928450">
    <ele>101.0</ele>
    <time>2022-04-24T17:31:23Z</time>
   </trkpt>
   <trkpt lat="52.2572600" lon="20.9927620">
    <ele>101.1</ele>
    <time>2022-04-24T17:31:24Z</time>
   </trkpt>
   <trkpt lat="52.2572570" lon="20.9926960">
    <ele>101.2</ele>
    <time>2022-04-24T17:31:25Z</time>
   </trkpt>
   <trkpt lat="52.2572650" lon="20.9926360">
    <ele>101.2</ele>
    <time>2022-04-24T17:31:26Z</time>
   </trkpt>
   <trkpt lat="52.2572900" lon="20.9925970">
    <ele>101.2</ele>
    <time>2022-04-24T17:31:27Z</time>
   </trkpt>
   <trkpt lat="52.2572720" lon="20.9925420">
    <ele>101.3</ele>
    <time>2022-04-24T17:31:28Z</time>
   </trkpt>
   <trkpt lat="52.2572540" lon="20.9924830">
    <ele>101.3</ele>
    <time>2022-04-24T17:31:29Z</time>
   </trkpt>
   <trkpt lat="52.2572080" lon="20.9923470">
    <ele>101.3</ele>
    <time>2022-04-24T17:31:31Z</time>
   </trkpt>
   <trkpt lat="52.2571960" lon="20.9922550">
    <ele>101.4</ele>
    <time>2022-04-24T17:31:32Z</time>
   </trkpt>
   <trkpt lat="52.2571950" lon="20.9921910">
    <ele>101.4</ele>
    <time>2022-04-24T17:31:33Z</time>
   </trkpt>
   <trkpt lat="52.2572010" lon="20.9921300">
    <ele>101.5</ele>
    <time>2022-04-24T17:31:34Z</time>
   </trkpt>
   <trkpt lat="52.2572100" lon="20.9920810">
    <ele>101.5</ele>
    <time>2022-04-24T17:31:36Z</time>
   </trkpt>
   <trkpt lat="52.2572110" lon="20.9920690">
    <ele>101.5</ele>
    <time>2022-04-24T17:31:37Z</time>
   </trkpt>
   <trkpt lat="52.2572110" lon="20.9920300">
    <ele>101.5</ele>
    <time>2022-04-24T17:31:38Z</time>
   </trkpt>
   <trkpt lat="52.2572080" lon="20.9919870">
    <ele>101.6</ele>
    <time>2022-04-24T17:31:40Z</time>
   </trkpt>
   <trkpt lat="52.2572030" lon="20.9919430">
    <ele>101.6</ele>
    <time>2022-04-24T17:31:41Z</time>
   </trkpt>
   <trkpt lat="52.2571910" lon="20.9918840">
    <ele>101.6</ele>
    <time>2022-04-24T17:31:42Z</time>
   </trkpt>
   <trkpt lat="52.2571880" lon="20.9918660">
    <ele>101.7</ele>
    <time>2022-04-24T17:31:43Z</time>
   </trkpt>
   <trkpt lat="52.2571780" lon="20.9918190">
    <ele>101.7</ele>
    <time>2022-04-24T17:31:44Z</time>
   </trkpt>
   <trkpt lat="52.2571640" lon="20.9917620">
    <ele>101.7</ele>
    <time>2022-04-24T17:31:45Z</time>
   </trkpt>
   <trkpt lat="52.2571490" lon="20.9917040">
    <ele>101.8</ele>
    <time>2022-04-24T17:31:46Z</time>
   </trkpt>
   <trkpt lat="52.2571280" lon="20.9916250">
    <ele>101.8</ele>
    <time>2022-04-24T17:31:47Z</time>
   </trkpt>
   <trkpt lat="52.2571170" lon="20.9915730">
    <ele>101.9</ele>
    <time>2022-04-24T17:31:48Z</time>
   </trkpt>
   <trkpt lat="52.2570940" lon="20.9914940">
    <ele>101.9</ele>
    <time>2022-04-24T17:31:49Z</time>
   </trkpt>
   <trkpt lat="52.2570780" lon="20.9914300">
    <ele>102.0</ele>
    <time>2022-04-24T17:31:50Z</time>
   </trkpt>
   <trkpt lat="52.2570560" lon="20.9913470">
    <ele>102.0</ele>
    <time>2022-04-24T17:31:51Z</time>
   </trkpt>
   <trkpt lat="52.2570370" lon="20.9912600">
    <ele>102.1</ele>
    <time>2022-04-24T17:31:52Z</time>
   </trkpt>
   <trkpt lat="52.2570190" lon="20.9911750">
    <ele>102.2</ele>
    <time>2022-04-24T17:31:53Z</time>
   </trkpt>
   <trkpt lat="52.2569980" lon="20.9910700">
    <ele>102.2</ele>
    <time>2022-04-24T17:31:54Z</time>
   </trkpt>
   <trkpt lat="52.2569620" lon="20.9908810">
    <ele>102.3</ele>
    <time>2022-04-24T17:31:56Z</time>
   </trkpt>
   <trkpt lat="52.2569440" lon="20.9907660">
    <ele>102.4</ele>
    <time>2022-04-24T17:31:57Z</time>
   </trkpt>
   <trkpt lat="52.2568540" lon="20.9903410">
    <ele>102.6</ele>
    <time>2022-04-24T17:31:58Z</time>
   </trkpt>
   <trkpt lat="52.2568310" lon="20.9902830">
    <ele>102.6</ele>
    <time>2022-04-24T17:31:59Z</time>
   </trkpt>
   <trkpt lat="52.2568160" lon="20.9901980">
    <ele>102.6</ele>
    <time>2022-04-24T17:32:00Z</time>
   </trkpt>
   <trkpt lat="52.2568100" lon="20.9901160">
    <ele>102.7</ele>
    <time>2022-04-24T17:32:01Z</time>
   </trkpt>
   <trkpt lat="52.2568000" lon="20.9900410">
    <ele>102.7</ele>
    <time>2022-04-24T17:32:02Z</time>
   </trkpt>
   <trkpt lat="52.2567720" lon="20.9899590">
    <ele>102.7</ele>
    <time>2022-04-24T17:32:03Z</time>
   </trkpt>
   <trkpt lat="52.2567530" lon="20.9898790">
    <ele>102.8</ele>
    <time>2022-04-24T17:32:04Z</time>
   </trkpt>
   <trkpt lat="52.2567380" lon="20.9898040">
    <ele>102.8</ele>
    <time>2022-04-24T17:32:05Z</time>
   </trkpt>
   <trkpt lat="52.2567230" lon="20.9897270">
    <ele>102.8</ele>
    <time>2022-04-24T17:32:06Z</time>
   </trkpt>
   <trkpt lat="52.2567090" lon="20.9896540">
    <ele>102.9</ele>
    <time>2022-04-24T17:32:07Z</time>
   </trkpt>
   <trkpt lat="52.2566960" lon="20.9895890">
    <ele>102.9</ele>
    <time>2022-04-24T17:32:08Z</time>
   </trkpt>
   <trkpt lat="52.2566890" lon="20.9895240">
    <ele>102.9</ele>
    <time>2022-04-24T17:32:09Z</time>
   </trkpt>
   <trkpt lat="52.2566810" lon="20.9894690">
    <ele>103.0</ele>
    <time>2022-04-24T17:32:10Z</time>
   </trkpt>
   <trkpt lat="52.2566670" lon="20.9894100">
    <ele>103.0</ele>
    <time>2022-04-24T17:32:11Z</time>
   </trkpt>
   <trkpt lat="52.2566610" lon="20.9893460">
    <ele>103.0</ele>
    <time>2022-04-24T17:32:12Z</time>
   </trkpt>
   <trkpt lat="52.2566600" lon="20.9892890">
    <ele>103.1</ele>
    <time>2022-04-24T17:32:13Z</time>
   </trkpt>
   <trkpt lat="52.2566640" lon="20.9892890">
    <ele>103.1</ele>
    <time>2022-04-24T17:32:14Z</time>
   </trkpt>
   <trkpt lat="52.2566610" lon="20.9892720">
    <ele>103.1</ele>
    <time>2022-04-24T17:32:16Z</time>
   </trkpt>
   <trkpt lat="52.2566580" lon="20.9892560">
    <ele>103.1</ele>
    <time>2022-04-24T17:32:17Z</time>
   </trkpt>
   <trkpt lat="52.2566550" lon="20.9892390">
    <ele>103.1</ele>
    <time>2022-04-24T17:32:18Z</time>
   </trkpt>
   <trkpt lat="52.2566520" lon="20.9892220">
    <ele>103.1</ele>
    <time>2022-04-24T17:32:19Z</time>
   </trkpt>
   <trkpt lat="52.2566490" lon="20.9892040">
    <ele>103.1</ele>
    <time>2022-04-24T17:32:20Z</time>
   </trkpt>
   <trkpt lat="52.2566440" lon="20.9891800">
    <ele>103.1</ele>
    <time>2022-04-24T17:32:21Z</time>
   </trkpt>
   <trkpt lat="52.2566290" lon="20.9891250">
    <ele>103.1</ele>
    <time>2022-04-24T17:32:22Z</time>
   </trkpt>
   <trkpt lat="52.2566230" lon="20.9891020">
    <ele>103.2</ele>
    <time>2022-04-24T17:32:23Z</time>
   </trkpt>
   <trkpt lat="52.2565970" lon="20.9890160">
    <ele>103.2</ele>
    <time>2022-04-24T17:32:25Z</time>
   </trkpt>
   <trkpt lat="52.2565790" lon="20.9889480">
    <ele>103.2</ele>
    <time>2022-04-24T17:32:26Z</time>
   </trkpt>
   <trkpt lat="52.2565670" lon="20.9888980">
    <ele>103.3</ele>
    <time>2022-04-24T17:32:27Z</time>
   </trkpt>
   <trkpt lat="52.2565550" lon="20.9888440">
    <ele>103.3</ele>
    <time>2022-04-24T17:32:28Z</time>
   </trkpt>
   <trkpt lat="52.2565410" lon="20.9887790">
    <ele>103.3</ele>
    <time>2022-04-24T17:32:29Z</time>
   </trkpt>
   <trkpt lat="52.2565310" lon="20.9887250">
    <ele>103.3</ele>
    <time>2022-04-24T17:32:30Z</time>
   </trkpt>
   <trkpt lat="52.2565270" lon="20.9887020">
    <ele>103.3</ele>
    <time>2022-04-24T17:32:31Z</time>
   </trkpt>
   <trkpt lat="52.2565130" lon="20.9886270">
    <ele>103.3</ele>
    <time>2022-04-24T17:32:32Z</time>
   </trkpt>
   <trkpt lat="52.2564990" lon="20.9885650">
    <ele>103.3</ele>
    <time>2022-04-24T17:32:33Z</time>
   </trkpt>
   <trkpt lat="52.2564750" lon="20.9884650">
    <ele>103.4</ele>
    <time>2022-04-24T17:32:34Z</time>
   </trkpt>
   <trkpt lat="52.2564500" lon="20.9883570">
    <ele>103.4</ele>
    <time>2022-04-24T17:32:35Z</time>
   </trkpt>
   <trkpt lat="52.2563500" lon="20.9879380">
    <ele>103.6</ele>
    <time>2022-04-24T17:32:36Z</time>
   </trkpt>
   <trkpt lat="52.2563270" lon="20.9878490">
    <ele>103.6</ele>
    <time>2022-04-24T17:32:37Z</time>
   </trkpt>
   <trkpt lat="52.2563030" lon="20.9877710">
    <ele>103.6</ele>
    <time>2022-04-24T17:32:38Z</time>
   </trkpt>
   <trkpt lat="52.2562760" lon="20.9877040">
    <ele>103.7</ele>
    <time>2022-04-24T17:32:39Z</time>
   </trkpt>
   <trkpt lat="52.2562440" lon="20.9876360">
    <ele>103.7</ele>
    <time>2022-04-24T17:32:40Z</time>
   </trkpt>
   <trkpt lat="52.2562200" lon="20.9875180">
    <ele>103.7</ele>
    <time>2022-04-24T17:32:41Z</time>
   </trkpt>
   <trkpt lat="52.2562050" lon="20.9874430">
    <ele>103.8</ele>
    <time>2022-04-24T17:32:42Z</time>
   </trkpt>
   <trkpt lat="52.2561790" lon="20.9873500">
    <ele>103.8</ele>
    <time>2022-04-24T17:32:43Z</time>
   </trkpt>
   <trkpt lat="52.2561440" lon="20.9872470">
    <ele>103.8</ele>
    <time>2022-04-24T17:32:44Z</time>
   </trkpt>
   <trkpt lat="52.2561350" lon="20.9872010">
    <ele>103.8</ele>
    <time>2022-04-24T17:32:45Z</time>
   </trkpt>
   <trkpt lat="52.2561200" lon="20.9871550">
    <ele>103.8</ele>
    <time>2022-04-24T17:32:46Z</time>
   </trkpt>
   <trkpt lat="52.2560920" lon="20.9871000">
    <ele>103.8</ele>
    <time>2022-04-24T17:32:47Z</time>
   </trkpt>
   <trkpt lat="52.2560550" lon="20.9869980">
    <ele>103.9</ele>
    <time>2022-04-24T17:32:48Z</time>
   </trkpt>
   <trkpt lat="52.2560170" lon="20.9868830">
    <ele>103.9</ele>
    <time>2022-04-24T17:32:49Z</time>
   </trkpt>
   <trkpt lat="52.2559830" lon="20.9867710">
    <ele>104.0</ele>
    <time>2022-04-24T17:32:50Z</time>
   </trkpt>
   <trkpt lat="52.2559520" lon="20.9866650">
    <ele>104.0</ele>
    <time>2022-04-24T17:32:51Z</time>
   </trkpt>
   <trkpt lat="52.2559220" lon="20.9865740">
    <ele>104.0</ele>
    <time>2022-04-24T17:32:52Z</time>
   </trkpt>
   <trkpt lat="52.2558930" lon="20.9864900">
    <ele>104.1</ele>
    <time>2022-04-24T17:32:53Z</time>
   </trkpt>
   <trkpt lat="52.2558670" lon="20.9864090">
    <ele>104.1</ele>
    <time>2022-04-24T17:32:54Z</time>
   </trkpt>
   <trkpt lat="52.2558420" lon="20.9863200">
    <ele>104.1</ele>
    <time>2022-04-24T17:32:55Z</time>
   </trkpt>
   <trkpt lat="52.2558170" lon="20.9862260">
    <ele>104.2</ele>
    <time>2022-04-24T17:32:56Z</time>
   </trkpt>
   <trkpt lat="52.2557900" lon="20.9861490">
    <ele>104.2</ele>
    <time>2022-04-24T17:32:57Z</time>
   </trkpt>
   <trkpt lat="52.2557590" lon="20.9860740">
    <ele>104.2</ele>
    <time>2022-04-24T17:32:58Z</time>
   </trkpt>
   <trkpt lat="52.2557240" lon="20.9860070">
    <ele>104.2</ele>
    <time>2022-04-24T17:32:59Z</time>
   </trkpt>
   <trkpt lat="52.2556920" lon="20.9859460">
    <ele>104.3</ele>
    <time>2022-04-24T17:33:00Z</time>
   </trkpt>
   <trkpt lat="52.2556610" lon="20.9858860">
    <ele>104.3</ele>
    <time>2022-04-24T17:33:01Z</time>
   </trkpt>
   <trkpt lat="52.2556370" lon="20.9858270">
    <ele>104.3</ele>
    <time>2022-04-24T17:33:02Z</time>
   </trkpt>
   <trkpt lat="52.2556230" lon="20.9857730">
    <ele>104.3</ele>
    <time>2022-04-24T17:33:03Z</time>
   </trkpt>
   <trkpt lat="52.2556040" lon="20.9857150">
    <ele>104.4</ele>
    <time>2022-04-24T17:33:04Z</time>
   </trkpt>
   <trkpt lat="52.2555760" lon="20.9856550">
    <ele>104.4</ele>
    <time>2022-04-24T17:33:05Z</time>
   </trkpt>
   <trkpt lat="52.2555440" lon="20.9855980">
    <ele>104.4</ele>
    <time>2022-04-24T17:33:06Z</time>
   </trkpt>
   <trkpt lat="52.2555080" lon="20.9855420">
    <ele>104.5</ele>
    <time>2022-04-24T17:33:07Z</time>
   </trkpt>
   <trkpt lat="52.2554720" lon="20.9854860">
    <ele>104.5</ele>
    <time>2022-04-24T17:33:08Z</time>
   </trkpt>
   <trkpt lat="52.2554410" lon="20.9854350">
    <ele>104.5</ele>
    <time>2022-04-24T17:33:09Z</time>
   </trkpt>
   <trkpt lat="52.2554120" lon="20.9853840">
    <ele>104.6</ele>
    <time>2022-04-24T17:33:10Z</time>
   </trkpt>
   <trkpt lat="52.2553860" lon="20.9853300">
    <ele>104.6</ele>
    <time>2022-04-24T17:33:11Z</time>
   </trkpt>
   <trkpt lat="52.2553610" lon="20.9852750">
    <ele>104.6</ele>
    <time>2022-04-24T17:33:12Z</time>
   </trkpt>
   <trkpt lat="52.2553350" lon="20.9852210">
    <ele>104.6</ele>
    <time>2022-04-24T17:33:13Z</time>
   </trkpt>
   <trkpt lat="52.2553070" lon="20.9851740">
    <ele>104.6</ele>
    <time>2022-04-24T17:33:14Z</time>
   </trkpt>
   <trkpt lat="52.2552770" lon="20.9851280">
    <ele>104.6</ele>
    <time>2022-04-24T17:33:15Z</time>
   </trkpt>
   <trkpt lat="52.2552500" lon="20.9850820">
    <ele>104.7</ele>
    <time>2022-04-24T17:33:16Z</time>
   </trkpt>
   <trkpt lat="52.2552320" lon="20.9850480">
    <ele>104.7</ele>
    <time>2022-04-24T17:33:17Z</time>
   </trkpt>
   <trkpt lat="52.2552070" lon="20.9849890">
    <ele>104.7</ele>
    <time>2022-04-24T17:33:18Z</time>
   </trkpt>
   <trkpt lat="52.2551830" lon="20.9849370">
    <ele>104.7</ele>
    <time>2022-04-24T17:33:19Z</time>
   </trkpt>
   <trkpt lat="52.2551570" lon="20.9848970">
    <ele>104.7</ele>
    <time>2022-04-24T17:33:20Z</time>
   </trkpt>
   <trkpt lat="52.2551230" lon="20.9848450">
    <ele>104.7</ele>
    <time>2022-04-24T17:33:21Z</time>
   </trkpt>
   <trkpt lat="52.2550910" lon="20.9847970">
    <ele>104.7</ele>
    <time>2022-04-24T17:33:22Z</time>
   </trkpt>
   <trkpt lat="52.2550610" lon="20.9847430">
    <ele>104.7</ele>
    <time>2022-04-24T17:33:23Z</time>
   </trkpt>
   <trkpt lat="52.2550460" lon="20.9846920">
    <ele>104.7</ele>
    <time>2022-04-24T17:33:24Z</time>
   </trkpt>
   <trkpt lat="52.2550430" lon="20.9846280">
    <ele>104.7</ele>
    <time>2022-04-24T17:33:25Z</time>
   </trkpt>
   <trkpt lat="52.2550480" lon="20.9845990">
    <ele>104.7</ele>
    <time>2022-04-24T17:33:27Z</time>
   </trkpt>
   <trkpt lat="52.2550270" lon="20.9845690">
    <ele>104.8</ele>
    <time>2022-04-24T17:33:28Z</time>
   </trkpt>
   <trkpt lat="52.2549980" lon="20.9845080">
    <ele>104.8</ele>
    <time>2022-04-24T17:33:29Z</time>
   </trkpt>
   <trkpt lat="52.2549800" lon="20.9844510">
    <ele>104.8</ele>
    <time>2022-04-24T17:33:30Z</time>
   </trkpt>
   <trkpt lat="52.2549630" lon="20.9844000">
    <ele>104.8</ele>
    <time>2022-04-24T17:33:31Z</time>
   </trkpt>
   <trkpt lat="52.2549440" lon="20.9843410">
    <ele>104.9</ele>
    <time>2022-04-24T17:33:32Z</time>
   </trkpt>
   <trkpt lat="52.2549210" lon="20.9842790">
    <ele>104.9</ele>
    <time>2022-04-24T17:33:33Z</time>
   </trkpt>
   <trkpt lat="52.2548860" lon="20.9841930">
    <ele>104.9</ele>
    <time>2022-04-24T17:33:35Z</time>
   </trkpt>
   <trkpt lat="52.2548530" lon="20.9841120">
    <ele>105.0</ele>
    <time>2022-04-24T17:33:36Z</time>
   </trkpt>
   <trkpt lat="52.2548330" lon="20.9840490">
    <ele>105.1</ele>
    <time>2022-04-24T17:33:37Z</time>
   </trkpt>
   <trkpt lat="52.2548190" lon="20.9839630">
    <ele>105.1</ele>
    <time>2022-04-24T17:33:38Z</time>
   </trkpt>
   <trkpt lat="52.2548040" lon="20.9838520">
    <ele>105.2</ele>
    <time>2022-04-24T17:33:39Z</time>
   </trkpt>
   <trkpt lat="52.2547890" lon="20.9837470">
    <ele>105.3</ele>
    <time>2022-04-24T17:33:41Z</time>
   </trkpt>
   <trkpt lat="52.2547430" lon="20.9835750">
    <ele>105.6</ele>
    <time>2022-04-24T17:33:42Z</time>
   </trkpt>
   <trkpt lat="52.2547050" lon="20.9834710">
    <ele>105.9</ele>
    <time>2022-04-24T17:33:43Z</time>
   </trkpt>
   <trkpt lat="52.2546550" lon="20.9833780">
    <ele>105.7</ele>
    <time>2022-04-24T17:33:44Z</time>
   </trkpt>
   <trkpt lat="52.2545990" lon="20.9833010">
    <ele>105.6</ele>
    <time>2022-04-24T17:33:45Z</time>
   </trkpt>
   <trkpt lat="52.2545420" lon="20.9832440">
    <ele>105.5</ele>
    <time>2022-04-24T17:33:46Z</time>
   </trkpt>
   <trkpt lat="52.2544820" lon="20.9831980">
    <ele>105.4</ele>
    <time>2022-04-24T17:33:47Z</time>
   </trkpt>
   <trkpt lat="52.2544260" lon="20.9831570">
    <ele>105.4</ele>
    <time>2022-04-24T17:33:48Z</time>
   </trkpt>
   <trkpt lat="52.2543710" lon="20.9831230">
    <ele>105.4</ele>
    <time>2022-04-24T17:33:49Z</time>
   </trkpt>
   <trkpt lat="52.2543220" lon="20.9831060">
    <ele>105.3</ele>
    <time>2022-04-24T17:33:50Z</time>
   </trkpt>
   <trkpt lat="52.2542760" lon="20.9831060">
    <ele>105.3</ele>
    <time>2022-04-24T17:33:51Z</time>
   </trkpt>
   <trkpt lat="52.2542300" lon="20.9831290">
    <ele>105.3</ele>
    <time>2022-04-24T17:33:52Z</time>
   </trkpt>
   <trkpt lat="52.2541930" lon="20.9832020">
    <ele>105.8</ele>
    <time>2022-04-24T17:33:53Z</time>
   </trkpt>
   <trkpt lat="52.2541560" lon="20.9832870">
    <ele>105.8</ele>
    <time>2022-04-24T17:33:54Z</time>
   </trkpt>
   <trkpt lat="52.2541250" lon="20.9833510">
    <ele>105.8</ele>
    <time>2022-04-24T17:33:55Z</time>
   </trkpt>
   <trkpt lat="52.2541110" lon="20.9834090">
    <ele>105.8</ele>
    <time>2022-04-24T17:33:56Z</time>
   </trkpt>
   <trkpt lat="52.2540770" lon="20.9834560">
    <ele>105.9</ele>
    <time>2022-04-24T17:33:57Z</time>
   </trkpt>
   <trkpt lat="52.2540330" lon="20.9834930">
    <ele>105.8</ele>
    <time>2022-04-24T17:33:58Z</time>
   </trkpt>
   <trkpt lat="52.2539950" lon="20.9835250">
    <ele>105.8</ele>
    <time>2022-04-24T17:33:59Z</time>
   </trkpt>
   <trkpt lat="52.2539760" lon="20.9835360">
    <ele>105.8</ele>
    <time>2022-04-24T17:34:00Z</time>
   </trkpt>
   <trkpt lat="52.2539630" lon="20.9835510">
    <ele>105.8</ele>
    <time>2022-04-24T17:34:01Z</time>
   </trkpt>
   <trkpt lat="52.2539500" lon="20.9835400">
    <ele>105.8</ele>
    <time>2022-04-24T17:34:02Z</time>
   </trkpt>
   <trkpt lat="52.2539350" lon="20.9835530">
    <ele>105.8</ele>
    <time>2022-04-24T17:34:04Z</time>
   </trkpt>
   <trkpt lat="52.2539200" lon="20.9835650">
    <ele>105.8</ele>
    <time>2022-04-24T17:34:05Z</time>
   </trkpt>
   <trkpt lat="52.2539050" lon="20.9835780">
    <ele>105.7</ele>
    <time>2022-04-24T17:34:06Z</time>
   </trkpt>
   <trkpt lat="52.2538660" lon="20.9836160">
    <ele>105.7</ele>
    <time>2022-04-24T17:34:07Z</time>
   </trkpt>
   <trkpt lat="52.2538270" lon="20.9836580">
    <ele>105.7</ele>
    <time>2022-04-24T17:34:09Z</time>
   </trkpt>
   <trkpt lat="52.2537890" lon="20.9837040">
    <ele>105.7</ele>
    <time>2022-04-24T17:34:10Z</time>
   </trkpt>
   <trkpt lat="52.2537570" lon="20.9837400">
    <ele>105.6</ele>
    <time>2022-04-24T17:34:11Z</time>
   </trkpt>
   <trkpt lat="52.2537240" lon="20.9837770">
    <ele>105.6</ele>
    <time>2022-04-24T17:34:12Z</time>
   </trkpt>
   <trkpt lat="52.2536850" lon="20.9838120">
    <ele>105.6</ele>
    <time>2022-04-24T17:34:13Z</time>
   </trkpt>
   <trkpt lat="52.2536110" lon="20.9838870">
    <ele>105.6</ele>
    <time>2022-04-24T17:34:15Z</time>
   </trkpt>
   <trkpt lat="52.2535630" lon="20.9839360">
    <ele>105.6</ele>
    <time>2022-04-24T17:34:16Z</time>
   </trkpt>
   <trkpt lat="52.2535000" lon="20.9839930">
    <ele>105.6</ele>
    <time>2022-04-24T17:34:17Z</time>
   </trkpt>
   <trkpt lat="52.2532910" lon="20.9841510">
    <ele>105.5</ele>
    <time>2022-04-24T17:34:18Z</time>
   </trkpt>
   <trkpt lat="52.2532530" lon="20.9841810">
    <ele>105.4</ele>
    <time>2022-04-24T17:34:19Z</time>
   </trkpt>
   <trkpt lat="52.2531920" lon="20.9842290">
    <ele>105.3</ele>
    <time>2022-04-24T17:34:20Z</time>
   </trkpt>
   <trkpt lat="52.2531400" lon="20.9842680">
    <ele>105.3</ele>
    <time>2022-04-24T17:34:21Z</time>
   </trkpt>
   <trkpt lat="52.2530950" lon="20.9843050">
    <ele>105.2</ele>
    <time>2022-04-24T17:34:22Z</time>
   </trkpt>
   <trkpt lat="52.2530470" lon="20.9843390">
    <ele>105.1</ele>
    <time>2022-04-24T17:34:23Z</time>
   </trkpt>
   <trkpt lat="52.2530070" lon="20.9843760">
    <ele>105.1</ele>
    <time>2022-04-24T17:34:24Z</time>
   </trkpt>
   <trkpt lat="52.2529640" lon="20.9844160">
    <ele>105.0</ele>
    <time>2022-04-24T17:34:25Z</time>
   </trkpt>
   <trkpt lat="52.2529160" lon="20.9844520">
    <ele>105.0</ele>
    <time>2022-04-24T17:34:26Z</time>
   </trkpt>
   <trkpt lat="52.2528710" lon="20.9844870">
    <ele>104.9</ele>
    <time>2022-04-24T17:34:27Z</time>
   </trkpt>
   <trkpt lat="52.2528380" lon="20.9845210">
    <ele>104.9</ele>
    <time>2022-04-24T17:34:28Z</time>
   </trkpt>
   <trkpt lat="52.2528080" lon="20.9845680">
    <ele>104.9</ele>
    <time>2022-04-24T17:34:29Z</time>
   </trkpt>
   <trkpt lat="52.2527600" lon="20.9845960">
    <ele>104.8</ele>
    <time>2022-04-24T17:34:30Z</time>
   </trkpt>
   <trkpt lat="52.2527170" lon="20.9846400">
    <ele>104.8</ele>
    <time>2022-04-24T17:34:31Z</time>
   </trkpt>
   <trkpt lat="52.2526660" lon="20.9846770">
    <ele>104.8</ele>
    <time>2022-04-24T17:34:32Z</time>
   </trkpt>
   <trkpt lat="52.2526120" lon="20.9847130">
    <ele>104.8</ele>
    <time>2022-04-24T17:34:33Z</time>
   </trkpt>
   <trkpt lat="52.2525640" lon="20.9847580">
    <ele>104.8</ele>
    <time>2022-04-24T17:34:34Z</time>
   </trkpt>
   <trkpt lat="52.2525170" lon="20.9848020">
    <ele>104.8</ele>
    <time>2022-04-24T17:34:35Z</time>
   </trkpt>
   <trkpt lat="52.2524710" lon="20.9848400">
    <ele>104.8</ele>
    <time>2022-04-24T17:34:36Z</time>
   </trkpt>
   <trkpt lat="52.2524260" lon="20.9848800">
    <ele>104.9</ele>
    <time>2022-04-24T17:34:37Z</time>
   </trkpt>
   <trkpt lat="52.2523970" lon="20.9849140">
    <ele>104.9</ele>
    <time>2022-04-24T17:34:38Z</time>
   </trkpt>
   <trkpt lat="52.2523600" lon="20.9849270">
    <ele>104.9</ele>
    <time>2022-04-24T17:34:39Z</time>
   </trkpt>
   <trkpt lat="52.2523110" lon="20.9849730">
    <ele>104.9</ele>
    <time>2022-04-24T17:34:40Z</time>
   </trkpt>
   <trkpt lat="52.2522720" lon="20.9850130">
    <ele>104.9</ele>
    <time>2022-04-24T17:34:41Z</time>
   </trkpt>
   <trkpt lat="52.2522320" lon="20.9850660">
    <ele>104.9</ele>
    <time>2022-04-24T17:34:42Z</time>
   </trkpt>
   <trkpt lat="52.2521930" lon="20.9851040">
    <ele>104.9</ele>
    <time>2022-04-24T17:34:43Z</time>
   </trkpt>
   <trkpt lat="52.2521650" lon="20.9851280">
    <ele>105.0</ele>
    <time>2022-04-24T17:34:44Z</time>
   </trkpt>
   <trkpt lat="52.2521660" lon="20.9851340">
    <ele>105.0</ele>
    <time>2022-04-24T17:34:45Z</time>
   </trkpt>
   <trkpt lat="52.2521560" lon="20.9851390">
    <ele>105.0</ele>
    <time>2022-04-24T17:34:46Z</time>
   </trkpt>
   <trkpt lat="52.2521370" lon="20.9851560">
    <ele>105.0</ele>
    <time>2022-04-24T17:34:48Z</time>
   </trkpt>
   <trkpt lat="52.2521200" lon="20.9851740">
    <ele>105.0</ele>
    <time>2022-04-24T17:34:49Z</time>
   </trkpt>
   <trkpt lat="52.2521070" lon="20.9851870">
    <ele>105.0</ele>
    <time>2022-04-24T17:34:50Z</time>
   </trkpt>
   <trkpt lat="52.2520870" lon="20.9852110">
    <ele>105.0</ele>
    <time>2022-04-24T17:34:51Z</time>
   </trkpt>
   <trkpt lat="52.2520620" lon="20.9852510">
    <ele>105.1</ele>
    <time>2022-04-24T17:34:53Z</time>
   </trkpt>
   <trkpt lat="52.2520400" lon="20.9852820">
    <ele>105.1</ele>
    <time>2022-04-24T17:34:54Z</time>
   </trkpt>
   <trkpt lat="52.2520030" lon="20.9853230">
    <ele>105.1</ele>
    <time>2022-04-24T17:34:55Z</time>
   </trkpt>
   <trkpt lat="52.2519830" lon="20.9853430">
    <ele>105.1</ele>
    <time>2022-04-24T17:34:56Z</time>
   </trkpt>
   <trkpt lat="52.2518740" lon="20.9854250">
    <ele>105.2</ele>
    <time>2022-04-24T17:34:58Z</time>
   </trkpt>
   <trkpt lat="52.2517690" lon="20.9854920">
    <ele>105.4</ele>
    <time>2022-04-24T17:34:59Z</time>
   </trkpt>
   <trkpt lat="52.2517090" lon="20.9855270">
    <ele>105.5</ele>
    <time>2022-04-24T17:35:00Z</time>
   </trkpt>
   <trkpt lat="52.2516400" lon="20.9855470">
    <ele>105.6</ele>
    <time>2022-04-24T17:35:01Z</time>
   </trkpt>
   <trkpt lat="52.2515920" lon="20.9855360">
    <ele>105.6</ele>
    <time>2022-04-24T17:35:02Z</time>
   </trkpt>
   <trkpt lat="52.2515520" lon="20.9855220">
    <ele>105.7</ele>
    <time>2022-04-24T17:35:03Z</time>
   </trkpt>
   <trkpt lat="52.2514910" lon="20.9855420">
    <ele>105.8</ele>
    <time>2022-04-24T17:35:04Z</time>
   </trkpt>
   <trkpt lat="52.2514140" lon="20.9855930">
    <ele>105.9</ele>
    <time>2022-04-24T17:35:05Z</time>
   </trkpt>
   <trkpt lat="52.2513520" lon="20.9856380">
    <ele>105.9</ele>
    <time>2022-04-24T17:35:07Z</time>
   </trkpt>
   <trkpt lat="52.2512990" lon="20.9856820">
    <ele>106.0</ele>
    <time>2022-04-24T17:35:08Z</time>
   </trkpt>
   <trkpt lat="52.2512520" lon="20.9857230">
    <ele>106.0</ele>
    <time>2022-04-24T17:35:09Z</time>
   </trkpt>
   <trkpt lat="52.2512170" lon="20.9857690">
    <ele>106.0</ele>
    <time>2022-04-24T17:35:10Z</time>
   </trkpt>
   <trkpt lat="52.2511870" lon="20.9858170">
    <ele>106.0</ele>
    <time>2022-04-24T17:35:11Z</time>
   </trkpt>
   <trkpt lat="52.2511540" lon="20.9858660">
    <ele>106.0</ele>
    <time>2022-04-24T17:35:12Z</time>
   </trkpt>
   <trkpt lat="52.2511210" lon="20.9859160">
    <ele>106.1</ele>
    <time>2022-04-24T17:35:13Z</time>
   </trkpt>
   <trkpt lat="52.2510580" lon="20.9859680">
    <ele>106.2</ele>
    <time>2022-04-24T17:35:14Z</time>
   </trkpt>
   <trkpt lat="52.2510050" lon="20.9859970">
    <ele>106.4</ele>
    <time>2022-04-24T17:35:15Z</time>
   </trkpt>
   <trkpt lat="52.2509590" lon="20.9860260">
    <ele>106.4</ele>
    <time>2022-04-24T17:35:16Z</time>
   </trkpt>
   <trkpt lat="52.2509310" lon="20.9860440">
    <ele>106.4</ele>
    <time>2022-04-24T17:35:17Z</time>
   </trkpt>
   <trkpt lat="52.2508830" lon="20.9860740">
    <ele>106.4</ele>
    <time>2022-04-24T17:35:18Z</time>
   </trkpt>
   <trkpt lat="52.2508330" lon="20.9861000">
    <ele>106.5</ele>
    <time>2022-04-24T17:35:19Z</time>
   </trkpt>
   <trkpt lat="52.2507890" lon="20.9861310">
    <ele>106.5</ele>
    <time>2022-04-24T17:35:20Z</time>
   </trkpt>
   <trkpt lat="52.2507490" lon="20.9861710">
    <ele>106.6</ele>
    <time>2022-04-24T17:35:21Z</time>
   </trkpt>
   <trkpt lat="52.2507070" lon="20.9862040">
    <ele>106.7</ele>
    <time>2022-04-24T17:35:22Z</time>
   </trkpt>
   <trkpt lat="52.2506480" lon="20.9862020">
    <ele>106.8</ele>
    <time>2022-04-24T17:35:24Z</time>
   </trkpt>
   <trkpt lat="52.2506130" lon="20.9862320">
    <ele>106.8</ele>
    <time>2022-04-24T17:35:25Z</time>
   </trkpt>
   <trkpt lat="52.2505900" lon="20.9862580">
    <ele>106.9</ele>
    <time>2022-04-24T17:35:26Z</time>
   </trkpt>
   <trkpt lat="52.2505740" lon="20.9862710">
    <ele>106.9</ele>
    <time>2022-04-24T17:35:27Z</time>
   </trkpt>
   <trkpt lat="52.2505500" lon="20.9862830">
    <ele>106.9</ele>
    <time>2022-04-24T17:35:29Z</time>
   </trkpt>
   <trkpt lat="52.2505230" lon="20.9862980">
    <ele>107.0</ele>
    <time>2022-04-24T17:35:30Z</time>
   </trkpt>
   <trkpt lat="52.2505120" lon="20.9863060">
    <ele>107.0</ele>
    <time>2022-04-24T17:35:31Z</time>
   </trkpt>
   <trkpt lat="52.2505020" lon="20.9863150">
    <ele>107.0</ele>
    <time>2022-04-24T17:35:32Z</time>
   </trkpt>
   <trkpt lat="52.2504600" lon="20.9863450">
    <ele>107.1</ele>
    <time>2022-04-24T17:35:34Z</time>
   </trkpt>
   <trkpt lat="52.2504440" lon="20.9863580">
    <ele>107.1</ele>
    <time>2022-04-24T17:35:35Z</time>
   </trkpt>
   <trkpt lat="52.2504130" lon="20.9863850">
    <ele>107.1</ele>
    <time>2022-04-24T17:35:36Z</time>
   </trkpt>
   <trkpt lat="52.2503850" lon="20.9864110">
    <ele>107.2</ele>
    <time>2022-04-24T17:35:37Z</time>
   </trkpt>
   <trkpt lat="52.2503560" lon="20.9864390">
    <ele>107.2</ele>
    <time>2022-04-24T17:35:38Z</time>
   </trkpt>
   <trkpt lat="52.2503460" lon="20.9864500">
    <ele>107.2</ele>
    <time>2022-04-24T17:35:39Z</time>
   </trkpt>
   <trkpt lat="52.2503190" lon="20.9864720">
    <ele>107.2</ele>
    <time>2022-04-24T17:35:40Z</time>
   </trkpt>
   <trkpt lat="52.2502880" lon="20.9864990">
    <ele>107.3</ele>
    <time>2022-04-24T17:35:41Z</time>
   </trkpt>
   <trkpt lat="52.2502370" lon="20.9865430">
    <ele>107.3</ele>
    <time>2022-04-24T17:35:43Z</time>
   </trkpt>
   <trkpt lat="52.2501880" lon="20.9865890">
    <ele>107.4</ele>
    <time>2022-04-24T17:35:44Z</time>
   </trkpt>
   <trkpt lat="52.2501490" lon="20.9866270">
    <ele>107.4</ele>
    <time>2022-04-24T17:35:45Z</time>
   </trkpt>
   <trkpt lat="52.2500920" lon="20.9866740">
    <ele>107.5</ele>
    <time>2022-04-24T17:35:46Z</time>
   </trkpt>
   <trkpt lat="52.2499890" lon="20.9867610">
    <ele>107.6</ele>
    <time>2022-04-24T17:35:48Z</time>
   </trkpt>
   <trkpt lat="52.2499430" lon="20.9867990">
    <ele>107.6</ele>
    <time>2022-04-24T17:35:49Z</time>
   </trkpt>
   <trkpt lat="52.2499160" lon="20.9868240">
    <ele>107.6</ele>
    <time>2022-04-24T17:35:50Z</time>
   </trkpt>
   <trkpt lat="52.2498480" lon="20.9869100">
    <ele>107.7</ele>
    <time>2022-04-24T17:35:52Z</time>
   </trkpt>
   <trkpt lat="52.2498110" lon="20.9869720">
    <ele>107.8</ele>
    <time>2022-04-24T17:35:53Z</time>
   </trkpt>
   <trkpt lat="52.2497900" lon="20.9870040">
    <ele>107.8</ele>
    <time>2022-04-24T17:35:54Z</time>
   </trkpt>
   <trkpt lat="52.2497530" lon="20.9870590">
    <ele>107.8</ele>
    <time>2022-04-24T17:35:55Z</time>
   </trkpt>
   <trkpt lat="52.2496630" lon="20.9871590">
    <ele>107.9</ele>
    <time>2022-04-24T17:35:56Z</time>
   </trkpt>
   <trkpt lat="52.2495930" lon="20.9872170">
    <ele>108.0</ele>
    <time>2022-04-24T17:35:58Z</time>
   </trkpt>
   <trkpt lat="52.2495280" lon="20.9872620">
    <ele>108.0</ele>
    <time>2022-04-24T17:35:59Z</time>
   </trkpt>
   <trkpt lat="52.2494640" lon="20.9873020">
    <ele>108.1</ele>
    <time>2022-04-24T17:36:00Z</time>
   </trkpt>
   <trkpt lat="52.2494050" lon="20.9873360">
    <ele>108.2</ele>
    <time>2022-04-24T17:36:02Z</time>
   </trkpt>
   <trkpt lat="52.2493500" lon="20.9873730">
    <ele>108.3</ele>
    <time>2022-04-24T17:36:03Z</time>
   </trkpt>
   <trkpt lat="52.2492640" lon="20.9874050">
    <ele>108.4</ele>
    <time>2022-04-24T17:36:04Z</time>
   </trkpt>
   <trkpt lat="52.2492060" lon="20.9874350">
    <ele>108.5</ele>
    <time>2022-04-24T17:36:05Z</time>
   </trkpt>
   <trkpt lat="52.2491600" lon="20.9874650">
    <ele>108.6</ele>
    <time>2022-04-24T17:36:07Z</time>
   </trkpt>
   <trkpt lat="52.2491250" lon="20.9874790">
    <ele>108.6</ele>
    <time>2022-04-24T17:36:08Z</time>
   </trkpt>
   <trkpt lat="52.2490860" lon="20.9875020">
    <ele>108.6</ele>
    <time>2022-04-24T17:36:09Z</time>
   </trkpt>
   <trkpt lat="52.2490700" lon="20.9875090">
    <ele>108.7</ele>
    <time>2022-04-24T17:36:10Z</time>
   </trkpt>
   <trkpt lat="52.2490160" lon="20.9875150">
    <ele>108.7</ele>
    <time>2022-04-24T17:36:12Z</time>
   </trkpt>
   <trkpt lat="52.2489830" lon="20.9875080">
    <ele>108.8</ele>
    <time>2022-04-24T17:36:13Z</time>
   </trkpt>
   <trkpt lat="52.2489720" lon="20.9875070">
    <ele>108.8</ele>
    <time>2022-04-24T17:36:14Z</time>
   </trkpt>
   <trkpt lat="52.2489370" lon="20.9875060">
    <ele>108.8</ele>
    <time>2022-04-24T17:36:15Z</time>
   </trkpt>
   <trkpt lat="52.2489250" lon="20.9875070">
    <ele>108.8</ele>
    <time>2022-04-24T17:36:16Z</time>
   </trkpt>
   <trkpt lat="52.2488930" lon="20.9875480">
    <ele>108.9</ele>
    <time>2022-04-24T17:36:18Z</time>
   </trkpt>
   <trkpt lat="52.2488840" lon="20.9875620">
    <ele>108.9</ele>
    <time>2022-04-24T17:36:19Z</time>
   </trkpt>
   <trkpt lat="52.2488750" lon="20.9875760">
    <ele>108.9</ele>
    <time>2022-04-24T17:36:20Z</time>
   </trkpt>
   <trkpt lat="52.2488410" lon="20.9876100">
    <ele>108.9</ele>
    <time>2022-04-24T17:36:21Z</time>
   </trkpt>
   <trkpt lat="52.2488240" lon="20.9876240">
    <ele>109.0</ele>
    <time>2022-04-24T17:36:22Z</time>
   </trkpt>
   <trkpt lat="52.2487930" lon="20.9876500">
    <ele>109.0</ele>
    <time>2022-04-24T17:36:23Z</time>
   </trkpt>
   <trkpt lat="52.2487470" lon="20.9876830">
    <ele>109.1</ele>
    <time>2022-04-24T17:36:25Z</time>
   </trkpt>
   <trkpt lat="52.2487140" lon="20.9876990">
    <ele>109.1</ele>
    <time>2022-04-24T17:36:26Z</time>
   </trkpt>
   <trkpt lat="52.2486540" lon="20.9877370">
    <ele>109.2</ele>
    <time>2022-04-24T17:36:27Z</time>
   </trkpt>
   <trkpt lat="52.2485830" lon="20.9877820">
    <ele>109.3</ele>
    <time>2022-04-24T17:36:28Z</time>
   </trkpt>
   <trkpt lat="52.2485480" lon="20.9878020">
    <ele>109.4</ele>
    <time>2022-04-24T17:36:29Z</time>
   </trkpt>
   <trkpt lat="52.2485100" lon="20.9878250">
    <ele>109.4</ele>
    <time>2022-04-24T17:36:30Z</time>
   </trkpt>
   <trkpt lat="52.2484740" lon="20.9878480">
    <ele>109.5</ele>
    <time>2022-04-24T17:36:31Z</time>
   </trkpt>
   <trkpt lat="52.2484350" lon="20.9878760">
    <ele>109.5</ele>
    <time>2022-04-24T17:36:32Z</time>
   </trkpt>
   <trkpt lat="52.2484000" lon="20.9879010">
    <ele>109.6</ele>
    <time>2022-04-24T17:36:33Z</time>
   </trkpt>
   <trkpt lat="52.2483340" lon="20.9879530">
    <ele>109.7</ele>
    <time>2022-04-24T17:36:34Z</time>
   </trkpt>
   <trkpt lat="52.2482690" lon="20.9880060">
    <ele>109.7</ele>
    <time>2022-04-24T17:36:36Z</time>
   </trkpt>
   <trkpt lat="52.2482030" lon="20.9880690">
    <ele>109.8</ele>
    <time>2022-04-24T17:36:37Z</time>
   </trkpt>
   <trkpt lat="52.2481410" lon="20.9881300">
    <ele>109.8</ele>
    <time>2022-04-24T17:36:38Z</time>
   </trkpt>
   <trkpt lat="52.2480900" lon="20.9881850">
    <ele>109.9</ele>
    <time>2022-04-24T17:36:40Z</time>
   </trkpt>
   <trkpt lat="52.2480420" lon="20.9882470">
    <ele>109.9</ele>
    <time>2022-04-24T17:36:41Z</time>
   </trkpt>
   <trkpt lat="52.2480030" lon="20.9883070">
    <ele>110.0</ele>
    <time>2022-04-24T17:36:42Z</time>
   </trkpt>
   <trkpt lat="52.2479610" lon="20.9883700">
    <ele>110.0</ele>
    <time>2022-04-24T17:36:43Z</time>
   </trkpt>
   <trkpt lat="52.2479060" lon="20.9884540">
    <ele>110.1</ele>
    <time>2022-04-24T17:36:44Z</time>
   </trkpt>
   <trkpt lat="52.2478590" lon="20.9885280">
    <ele>110.2</ele>
    <time>2022-04-24T17:36:46Z</time>
   </trkpt>
   <trkpt lat="52.2478140" lon="20.9886060">
    <ele>110.3</ele>
    <time>2022-04-24T17:36:47Z</time>
   </trkpt>
   <trkpt lat="52.2477660" lon="20.9887050">
    <ele>110.3</ele>
    <time>2022-04-24T17:36:48Z</time>
   </trkpt>
   <trkpt lat="52.2477320" lon="20.9887500">
    <ele>110.4</ele>
    <time>2022-04-24T17:36:50Z</time>
   </trkpt>
   <trkpt lat="52.2477010" lon="20.9887670">
    <ele>110.4</ele>
    <time>2022-04-24T17:36:51Z</time>
   </trkpt>
   <trkpt lat="52.2476730" lon="20.9887690">
    <ele>110.4</ele>
    <time>2022-04-24T17:36:52Z</time>
   </trkpt>
   <trkpt lat="52.2476620" lon="20.9887660">
    <ele>110.4</ele>
    <time>2022-04-24T17:36:53Z</time>
   </trkpt>
   <trkpt lat="52.2476400" lon="20.9887570">
    <ele>110.5</ele>
    <time>2022-04-24T17:36:54Z</time>
   </trkpt>
   <trkpt lat="52.2476360" lon="20.9887610">
    <ele>110.5</ele>
    <time>2022-04-24T17:36:55Z</time>
   </trkpt>
   <trkpt lat="52.2476330" lon="20.9887630">
    <ele>110.5</ele>
    <time>2022-04-24T17:36:56Z</time>
   </trkpt>
   <trkpt lat="52.2476350" lon="20.9887650">
    <ele>110.5</ele>
    <time>2022-04-24T17:36:57Z</time>
   </trkpt>
   <trkpt lat="52.2476470" lon="20.9887710">
    <ele>110.5</ele>
    <time>2022-04-24T17:36:58Z</time>
   </trkpt>
   <trkpt lat="52.2477070" lon="20.9888560">
    <ele>110.6</ele>
    <time>2022-04-24T17:37:11Z</time>
   </trkpt>
   <trkpt lat="52.2477040" lon="20.9888610">
    <ele>110.6</ele>
    <time>2022-04-24T17:37:12Z</time>
   </trkpt>
   <trkpt lat="52.2477030" lon="20.9888620">
    <ele>110.6</ele>
    <time>2022-04-24T17:37:13Z</time>
   </trkpt>
   <trkpt lat="52.2477030" lon="20.9888610">
    <ele>110.6</ele>
    <time>2022-04-24T17:37:14Z</time>
   </trkpt>
   <trkpt lat="52.2477030" lon="20.9888600">
    <ele>110.6</ele>
    <time>2022-04-24T17:37:15Z</time>
   </trkpt>
   <trkpt lat="52.2477030" lon="20.9888590">
    <ele>110.6</ele>
    <time>2022-04-24T17:37:16Z</time>
   </trkpt>
   <trkpt lat="52.2477040" lon="20.9888590">
    <ele>110.6</ele>
    <time>2022-04-24T17:37:17Z</time>
   </trkpt>
   <trkpt lat="52.2477040" lon="20.9888580">
    <ele>110.6</ele>
    <time>2022-04-24T17:37:18Z</time>
   </trkpt>
   <trkpt lat="52.2477040" lon="20.9888580">
    <ele>110.6</ele>
    <time>2022-04-24T17:37:19Z</time>
   </trkpt>
   <trkpt lat="52.2477030" lon="20.9888580">
    <ele>110.6</ele>
    <time>2022-04-24T17:37:20Z</time>
   </trkpt>
   <trkpt lat="52.2477040" lon="20.9888500">
    <ele>110.6</ele>
    <time>2022-04-24T17:37:21Z</time>
   </trkpt>
   <trkpt lat="52.2477050" lon="20.9888420">
    <ele>110.6</ele>
    <time>2022-04-24T17:37:22Z</time>
   </trkpt>
   <trkpt lat="52.2477050" lon="20.9888370">
    <ele>110.6</ele>
    <time>2022-04-24T17:37:23Z</time>
   </trkpt>
   <trkpt lat="52.2477060" lon="20.9888350">
    <ele>110.6</ele>
    <time>2022-04-24T17:37:24Z</time>
   </trkpt>
   <trkpt lat="52.2477060" lon="20.9888340">
    <ele>110.6</ele>
    <time>2022-04-24T17:37:25Z</time>
   </trkpt>
   <trkpt lat="52.2477050" lon="20.9888330">
    <ele>110.6</ele>
    <time>2022-04-24T17:37:26Z</time>
   </trkpt>
   <trkpt lat="52.2477080" lon="20.9888380">
    <ele>110.6</ele>
    <time>2022-04-24T17:37:27Z</time>
   </trkpt>
   <trkpt lat="52.2477070" lon="20.9888410">
    <ele>110.6</ele>
    <time>2022-04-24T17:37:28Z</time>
   </trkpt>
   <trkpt lat="52.2476970" lon="20.9888330">
    <ele>110.6</ele>
    <time>2022-04-24T17:37:29Z</time>
   </trkpt>
   <trkpt lat="52.2476900" lon="20.9888180">
    <ele>110.6</ele>
    <time>2022-04-24T17:37:30Z</time>
   </trkpt>
   <trkpt lat="52.2476780" lon="20.9887720">
    <ele>110.6</ele>
    <time>2022-04-24T17:37:31Z</time>
   </trkpt>
   <trkpt lat="52.2476730" lon="20.9887540">
    <ele>110.5</ele>
    <time>2022-04-24T17:37:32Z</time>
   </trkpt>
   <trkpt lat="52.2476580" lon="20.9887120">
    <ele>110.5</ele>
    <time>2022-04-24T17:37:33Z</time>
   </trkpt>
   <trkpt lat="52.2476410" lon="20.9886880">
    <ele>110.5</ele>
    <time>2022-04-24T17:37:34Z</time>
   </trkpt>
   <trkpt lat="52.2476330" lon="20.9886860">
    <ele>110.5</ele>
    <time>2022-04-24T17:37:35Z</time>
   </trkpt>
   <trkpt lat="52.2476260" lon="20.9886840">
    <ele>110.5</ele>
    <time>2022-04-24T17:37:37Z</time>
   </trkpt>
   <trkpt lat="52.2476180" lon="20.9886830">
    <ele>110.5</ele>
    <time>2022-04-24T17:37:38Z</time>
   </trkpt>
   <trkpt lat="52.2475730" lon="20.9886300">
    <ele>110.6</ele>
    <time>2022-04-24T17:37:39Z</time>
   </trkpt>
   <trkpt lat="52.2475060" lon="20.9885730">
    <ele>110.6</ele>
    <time>2022-04-24T17:37:40Z</time>
   </trkpt>
   <trkpt lat="52.2474400" lon="20.9885470">
    <ele>110.8</ele>
    <time>2022-04-24T17:37:42Z</time>
   </trkpt>
   <trkpt lat="52.2473610" lon="20.9884670">
    <ele>110.9</ele>
    <time>2022-04-24T17:37:44Z</time>
   </trkpt>
   <trkpt lat="52.2473220" lon="20.9884110">
    <ele>110.9</ele>
    <time>2022-04-24T17:37:45Z</time>
   </trkpt>
   <trkpt lat="52.2472700" lon="20.9882270">
    <ele>110.9</ele>
    <time>2022-04-24T17:37:46Z</time>
   </trkpt>
   <trkpt lat="52.2472510" lon="20.9881200">
    <ele>110.9</ele>
    <time>2022-04-24T17:37:47Z</time>
   </trkpt>
   <trkpt lat="52.2472230" lon="20.9880090">
    <ele>110.9</ele>
    <time>2022-04-24T17:37:48Z</time>
   </trkpt>
   <trkpt lat="52.2471930" lon="20.9878980">
    <ele>110.9</ele>
    <time>2022-04-24T17:37:49Z</time>
   </trkpt>
   <trkpt lat="52.2471620" lon="20.9878160">
    <ele>110.9</ele>
    <time>2022-04-24T17:37:50Z</time>
   </trkpt>
   <trkpt lat="52.2471320" lon="20.9877520">
    <ele>111.0</ele>
    <time>2022-04-24T17:37:51Z</time>
   </trkpt>
   <trkpt lat="52.2471060" lon="20.9876880">
    <ele>111.0</ele>
    <time>2022-04-24T17:37:52Z</time>
   </trkpt>
   <trkpt lat="52.2470850" lon="20.9876220">
    <ele>111.0</ele>
    <time>2022-04-24T17:37:53Z</time>
   </trkpt>
   <trkpt lat="52.2470710" lon="20.9875420">
    <ele>111.0</ele>
    <time>2022-04-24T17:37:54Z</time>
   </trkpt>
   <trkpt lat="52.2470590" lon="20.9874610">
    <ele>111.0</ele>
    <time>2022-04-24T17:37:55Z</time>
   </trkpt>
   <trkpt lat="52.2470550" lon="20.9874070">
    <ele>111.0</ele>
    <time>2022-04-24T17:37:56Z</time>
   </trkpt>
   <trkpt lat="52.2470570" lon="20.9874020">
    <ele>111.0</ele>
    <time>2022-04-24T17:37:57Z</time>
   </trkpt>
   <trkpt lat="52.2470540" lon="20.9873930">
    <ele>111.0</ele>
    <time>2022-04-24T17:37:58Z</time>
   </trkpt>
   <trkpt lat="52.2470510" lon="20.9873850">
    <ele>111.0</ele>
    <time>2022-04-24T17:37:59Z</time>
   </trkpt>
   <trkpt lat="52.2470490" lon="20.9873770">
    <ele>111.0</ele>
    <time>2022-04-24T17:38:00Z</time>
   </trkpt>
   <trkpt lat="52.2470460" lon="20.9873690">
    <ele>111.0</ele>
    <time>2022-04-24T17:38:01Z</time>
   </trkpt>
   <trkpt lat="52.2470430" lon="20.9873600">
    <ele>111.0</ele>
    <time>2022-04-24T17:38:02Z</time>
   </trkpt>
   <trkpt lat="52.2470410" lon="20.9873520">
    <ele>111.0</ele>
    <time>2022-04-24T17:38:03Z</time>
   </trkpt>
   <trkpt lat="52.2470380" lon="20.9873440">
    <ele>111.0</ele>
    <time>2022-04-24T17:38:04Z</time>
   </trkpt>
   <trkpt lat="52.2470250" lon="20.9872980">
    <ele>111.0</ele>
    <time>2022-04-24T17:38:05Z</time>
   </trkpt>
   <trkpt lat="52.2469920" lon="20.9871960">
    <ele>111.0</ele>
    <time>2022-04-24T17:38:07Z</time>
   </trkpt>
   <trkpt lat="52.2469660" lon="20.9871130">
    <ele>110.9</ele>
    <time>2022-04-24T17:38:08Z</time>
   </trkpt>
   <trkpt lat="52.2469410" lon="20.9870290">
    <ele>110.9</ele>
    <time>2022-04-24T17:38:09Z</time>
   </trkpt>
   <trkpt lat="52.2469160" lon="20.9869500">
    <ele>110.9</ele>
    <time>2022-04-24T17:38:10Z</time>
   </trkpt>
   <trkpt lat="52.2468830" lon="20.9868660">
    <ele>110.9</ele>
    <time>2022-04-24T17:38:11Z</time>
   </trkpt>
   <trkpt lat="52.2468500" lon="20.9867970">
    <ele>110.9</ele>
    <time>2022-04-24T17:38:12Z</time>
   </trkpt>
   <trkpt lat="52.2468200" lon="20.9867360">
    <ele>110.9</ele>
    <time>2022-04-24T17:38:13Z</time>
   </trkpt>
   <trkpt lat="52.2467970" lon="20.9866730">
    <ele>110.9</ele>
    <time>2022-04-24T17:38:14Z</time>
   </trkpt>
   <trkpt lat="52.2467800" lon="20.9866130">
    <ele>110.9</ele>
    <time>2022-04-24T17:38:15Z</time>
   </trkpt>
   <trkpt lat="52.2467640" lon="20.9865590">
    <ele>110.9</ele>
    <time>2022-04-24T17:38:16Z</time>
   </trkpt>
   <trkpt lat="52.2467490" lon="20.9865010">
    <ele>110.9</ele>
    <time>2022-04-24T17:38:17Z</time>
   </trkpt>
   <trkpt lat="52.2467110" lon="20.9863630">
    <ele>110.9</ele>
    <time>2022-04-24T17:38:18Z</time>
   </trkpt>
   <trkpt lat="52.2467020" lon="20.9863210">
    <ele>110.9</ele>
    <time>2022-04-24T17:38:19Z</time>
   </trkpt>
   <trkpt lat="52.2466840" lon="20.9862560">
    <ele>110.9</ele>
    <time>2022-04-24T17:38:20Z</time>
   </trkpt>
   <trkpt lat="52.2466690" lon="20.9862070">
    <ele>110.9</ele>
    <time>2022-04-24T17:38:21Z</time>
   </trkpt>
   <trkpt lat="52.2466650" lon="20.9861940">
    <ele>110.9</ele>
    <time>2022-04-24T17:38:22Z</time>
   </trkpt>
   <trkpt lat="52.2466570" lon="20.9861490">
    <ele>110.9</ele>
    <time>2022-04-24T17:38:23Z</time>
   </trkpt>
   <trkpt lat="52.2466540" lon="20.9861380">
    <ele>110.9</ele>
    <time>2022-04-24T17:38:24Z</time>
   </trkpt>
   <trkpt lat="52.2466650" lon="20.9861210">
    <ele>110.9</ele>
    <time>2022-04-24T17:38:25Z</time>
   </trkpt>
   <trkpt lat="52.2466930" lon="20.9861010">
    <ele>110.9</ele>
    <time>2022-04-24T17:38:27Z</time>
   </trkpt>
   <trkpt lat="52.2467120" lon="20.9861270">
    <ele>110.9</ele>
    <time>2022-04-24T17:38:28Z</time>
   </trkpt>
   <trkpt lat="52.2467140" lon="20.9861560">
    <ele>110.9</ele>
    <time>2022-04-24T17:38:30Z</time>
   </trkpt>
   <trkpt lat="52.2467010" lon="20.9861800">
    <ele>110.9</ele>
    <time>2022-04-24T17:38:31Z</time>
   </trkpt>
   <trkpt lat="52.2466910" lon="20.9861930">
    <ele>110.9</ele>
    <time>2022-04-24T17:38:33Z</time>
   </trkpt>
   <trkpt lat="52.2466880" lon="20.9862000">
    <ele>110.9</ele>
    <time>2022-04-24T17:38:34Z</time>
   </trkpt>
   <trkpt lat="52.2466840" lon="20.9861940">
    <ele>110.9</ele>
    <time>2022-04-24T17:38:35Z</time>
   </trkpt>
   <trkpt lat="52.2466830" lon="20.9861930">
    <ele>110.9</ele>
    <time>2022-04-24T17:38:36Z</time>
   </trkpt>
   <trkpt lat="52.2466800" lon="20.9861930">
    <ele>110.9</ele>
    <time>2022-04-24T17:38:37Z</time>
   </trkpt>
   <trkpt lat="52.2466780" lon="20.9861920">
    <ele>110.9</ele>
    <time>2022-04-24T17:38:38Z</time>
   </trkpt>
   <trkpt lat="52.2466750" lon="20.9861900">
    <ele>110.9</ele>
    <time>2022-04-24T17:38:39Z</time>
   </trkpt>
   <trkpt lat="52.2466710" lon="20.9861870">
    <ele>110.9</ele>
    <time>2022-04-24T17:38:40Z</time>
   </trkpt>
   <trkpt lat="52.2466650" lon="20.9861860">
    <ele>110.9</ele>
    <time>2022-04-24T17:38:42Z</time>
   </trkpt>
   <trkpt lat="52.2466610" lon="20.9861810">
    <ele>110.9</ele>
    <time>2022-04-24T17:38:43Z</time>
   </trkpt>
   <trkpt lat="52.2466250" lon="20.9861520">
    <ele>110.9</ele>
    <time>2022-04-24T17:38:46Z</time>
   </trkpt>
   <trkpt lat="52.2466060" lon="20.9860050">
    <ele>110.9</ele>
    <time>2022-04-24T17:38:47Z</time>
   </trkpt>
   <trkpt lat="52.2464880" lon="20.9856990">
    <ele>110.9</ele>
    <time>2022-04-24T17:38:48Z</time>
   </trkpt>
   <trkpt lat="52.2464750" lon="20.9856620">
    <ele>110.9</ele>
    <time>2022-04-24T17:38:49Z</time>
   </trkpt>
   <trkpt lat="52.2464140" lon="20.9855850">
    <ele>110.9</ele>
    <time>2022-04-24T17:38:51Z</time>
   </trkpt>
   <trkpt lat="52.2463920" lon="20.9854970">
    <ele>110.9</ele>
    <time>2022-04-24T17:38:52Z</time>
   </trkpt>
   <trkpt lat="52.2463880" lon="20.9854520">
    <ele>110.9</ele>
    <time>2022-04-24T17:38:53Z</time>
   </trkpt>
   <trkpt lat="52.2463900" lon="20.9854230">
    <ele>110.9</ele>
    <time>2022-04-24T17:38:54Z</time>
   </trkpt>
   <trkpt lat="52.2463990" lon="20.9854300">
    <ele>110.9</ele>
    <time>2022-04-24T17:38:55Z</time>
   </trkpt>
   <trkpt lat="52.2464110" lon="20.9854300">
    <ele>110.9</ele>
    <time>2022-04-24T17:38:56Z</time>
   </trkpt>
   <trkpt lat="52.2464090" lon="20.9854110">
    <ele>110.9</ele>
    <time>2022-04-24T17:38:57Z</time>
   </trkpt>
   <trkpt lat="52.2464000" lon="20.9853660">
    <ele>110.9</ele>
    <time>2022-04-24T17:38:58Z</time>
   </trkpt>
   <trkpt lat="52.2463850" lon="20.9852930">
    <ele>110.9</ele>
    <time>2022-04-24T17:38:59Z</time>
   </trkpt>
   <trkpt lat="52.2463710" lon="20.9852120">
    <ele>110.8</ele>
    <time>2022-04-24T17:39:00Z</time>
   </trkpt>
   <trkpt lat="52.2463560" lon="20.9851360">
    <ele>110.8</ele>
    <time>2022-04-24T17:39:01Z</time>
   </trkpt>
   <trkpt lat="52.2463360" lon="20.9850530">
    <ele>110.8</ele>
    <time>2022-04-24T17:39:03Z</time>
   </trkpt>
   <trkpt lat="52.2463140" lon="20.9850010">
    <ele>110.9</ele>
    <time>2022-04-24T17:39:04Z</time>
   </trkpt>
   <trkpt lat="52.2463070" lon="20.9849820">
    <ele>110.9</ele>
    <time>2022-04-24T17:39:05Z</time>
   </trkpt>
   <trkpt lat="52.2462870" lon="20.9849380">
    <ele>111.0</ele>
    <time>2022-04-24T17:39:06Z</time>
   </trkpt>
   <trkpt lat="52.2462790" lon="20.9849210">
    <ele>111.0</ele>
    <time>2022-04-24T17:39:07Z</time>
   </trkpt>
   <trkpt lat="52.2462600" lon="20.9848850">
    <ele>111.0</ele>
    <time>2022-04-24T17:39:08Z</time>
   </trkpt>
   <trkpt lat="52.2462370" lon="20.9848260">
    <ele>111.0</ele>
    <time>2022-04-24T17:39:09Z</time>
   </trkpt>
   <trkpt lat="52.2461960" lon="20.9847230">
    <ele>111.1</ele>
    <time>2022-04-24T17:39:11Z</time>
   </trkpt>
   <trkpt lat="52.2461680" lon="20.9846650">
    <ele>111.1</ele>
    <time>2022-04-24T17:39:12Z</time>
   </trkpt>
   <trkpt lat="52.2460770" lon="20.9842120">
    <ele>111.4</ele>
    <time>2022-04-24T17:39:13Z</time>
   </trkpt>
   <trkpt lat="52.2460550" lon="20.9841370">
    <ele>111.4</ele>
    <time>2022-04-24T17:39:14Z</time>
   </trkpt>
   <trkpt lat="52.2460370" lon="20.9840230">
    <ele>111.4</ele>
    <time>2022-04-24T17:39:15Z</time>
   </trkpt>
   <trkpt lat="52.2460260" lon="20.9839320">
    <ele>111.5</ele>
    <time>2022-04-24T17:39:16Z</time>
   </trkpt>
   <trkpt lat="52.2460070" lon="20.9838690">
    <ele>111.5</ele>
    <time>2022-04-24T17:39:17Z</time>
   </trkpt>
   <trkpt lat="52.2459790" lon="20.9838340">
    <ele>111.5</ele>
    <time>2022-04-24T17:39:18Z</time>
   </trkpt>
   <trkpt lat="52.2459530" lon="20.9837990">
    <ele>111.5</ele>
    <time>2022-04-24T17:39:19Z</time>
   </trkpt>
   <trkpt lat="52.2459310" lon="20.9837520">
    <ele>111.5</ele>
    <time>2022-04-24T17:39:20Z</time>
   </trkpt>
   <trkpt lat="52.2459250" lon="20.9837100">
    <ele>111.5</ele>
    <time>2022-04-24T17:39:21Z</time>
   </trkpt>
   <trkpt lat="52.2459410" lon="20.9837190">
    <ele>111.6</ele>
    <time>2022-04-24T17:39:22Z</time>
   </trkpt>
   <trkpt lat="52.2459560" lon="20.9837190">
    <ele>111.6</ele>
    <time>2022-04-24T17:39:23Z</time>
   </trkpt>
   <trkpt lat="52.2459870" lon="20.9837000">
    <ele>111.6</ele>
    <time>2022-04-24T17:39:24Z</time>
   </trkpt>
   <trkpt lat="52.2459980" lon="20.9836920">
    <ele>111.6</ele>
    <time>2022-04-24T17:39:25Z</time>
   </trkpt>
   <trkpt lat="52.2460300" lon="20.9836860">
    <ele>111.6</ele>
    <time>2022-04-24T17:39:26Z</time>
   </trkpt>
   <trkpt lat="52.2460440" lon="20.9836860">
    <ele>111.6</ele>
    <time>2022-04-24T17:39:27Z</time>
   </trkpt>
   <trkpt lat="52.2460750" lon="20.9836790">
    <ele>111.6</ele>
    <time>2022-04-24T17:39:28Z</time>
   </trkpt>
   <trkpt lat="52.2461060" lon="20.9836720">
    <ele>111.5</ele>
    <time>2022-04-24T17:39:29Z</time>
   </trkpt>
   <trkpt lat="52.2461420" lon="20.9836520">
    <ele>111.5</ele>
    <time>2022-04-24T17:39:30Z</time>
   </trkpt>
   <trkpt lat="52.2461630" lon="20.9836180">
    <ele>111.5</ele>
    <time>2022-04-24T17:39:31Z</time>
   </trkpt>
   <trkpt lat="52.2461600" lon="20.9835530">
    <ele>111.5</ele>
    <time>2022-04-24T17:39:33Z</time>
   </trkpt>
   <trkpt lat="52.2461540" lon="20.9835280">
    <ele>111.5</ele>
    <time>2022-04-24T17:39:34Z</time>
   </trkpt>
   <trkpt lat="52.2461390" lon="20.9834360">
    <ele>111.5</ele>
    <time>2022-04-24T17:39:36Z</time>
   </trkpt>
   <trkpt lat="52.2461290" lon="20.9833800">
    <ele>111.6</ele>
    <time>2022-04-24T17:39:37Z</time>
   </trkpt>
   <trkpt lat="52.2461210" lon="20.9832920">
    <ele>111.6</ele>
    <time>2022-04-24T17:39:38Z</time>
   </trkpt>
   <trkpt lat="52.2461200" lon="20.9832470">
    <ele>111.6</ele>
    <time>2022-04-24T17:39:39Z</time>
   </trkpt>
   <trkpt lat="52.2461300" lon="20.9831770">
    <ele>111.6</ele>
    <time>2022-04-24T17:39:40Z</time>
   </trkpt>
   <trkpt lat="52.2461480" lon="20.9830900">
    <ele>111.6</ele>
    <time>2022-04-24T17:39:41Z</time>
   </trkpt>
   <trkpt lat="52.2461830" lon="20.9830000">
    <ele>111.6</ele>
    <time>2022-04-24T17:39:43Z</time>
   </trkpt>
   <trkpt lat="52.2462120" lon="20.9829490">
    <ele>111.6</ele>
    <time>2022-04-24T17:39:44Z</time>
   </trkpt>
   <trkpt lat="52.2462400" lon="20.9829160">
    <ele>111.5</ele>
    <time>2022-04-24T17:39:45Z</time>
   </trkpt>
   <trkpt lat="52.2462700" lon="20.9828890">
    <ele>111.5</ele>
    <time>2022-04-24T17:39:47Z</time>
   </trkpt>
   <trkpt lat="52.2462830" lon="20.9828800">
    <ele>111.5</ele>
    <time>2022-04-24T17:39:48Z</time>
   </trkpt>
   <trkpt lat="52.2462870" lon="20.9829010">
    <ele>111.5</ele>
    <time>2022-04-24T17:39:50Z</time>
   </trkpt>
   <trkpt lat="52.2462880" lon="20.9829210">
    <ele>111.5</ele>
    <time>2022-04-24T17:39:51Z</time>
   </trkpt>
   <trkpt lat="52.2462820" lon="20.9829410">
    <ele>111.5</ele>
    <time>2022-04-24T17:39:53Z</time>
   </trkpt>
  </trkseg>
 </trk>
</gpx>
