<gpx xmlns="http://www.topografix.com/GPX/1/1" xmlns:ns2="http://www.garmin.com/xmlschemas/TrackPointExtension/v1" xmlns:xsi="http://www.w3.org/2001/XMLSchema-instance" xsi:schemaLocation="http://www.topografix.com/GPX/1/1 http://www.topografix.com/GPX/1/1/gpx.xsd http://www.garmin.com/xmlschemas/GpxExtensions/v3 http://www.garmin.com/xmlschemas/GpxExtensionsv3.xsd http://www.garmin.com/xmlschemas/TrackPointExtension/v1 http://www.garmin.com/xmlschemas/TrackPointExtensionv1.xsd http://www.topografix.com/GPX/gpx_style/0/2 http://www.topografix.com/GPX/gpx_style/0/2/gpx_style.xsd" version="1.1" creator="https://gpx.studio">
<metadata>
    <name>RockRider fix tracks</name>
    <author>
        <name>Krzysiek Setlak via gpx.studio</name>
        <link href="https://gpx.studio" />
    </author>
</metadata>
<trk>
    <name>new</name>
    <type>Cycling</type>
    <trkseg>
    <trkpt lat="52.24777278710507" lon="20.923461914062504">
        <ele>109.9</ele>
        <time>2021-07-10T16:25:00+00:00</time>
    </trkpt>
    <trkpt lat="52.24777278710507" lon="20.923461914062504">
        <ele>109.9</ele>
        <time>2021-07-10T16:25:00+00:00</time>
    </trkpt>
    <trkpt lat="52.247776" lon="20.923467">
        <ele>108.8</ele>
        <time>2021-07-10T16:25:00.099000+00:00</time>
        <extensions>
        <ns2:TrackPointExtension>
        <ns2:Extensions>
            <surface>paved</surface>
        </ns2:Extensions>
        </ns2:TrackPointExtension>
        </extensions>
    </trkpt>
    <trkpt lat="52.24813" lon="20.92274">
        <ele>108.4</ele>
        <time>2021-07-10T16:25:12.975000+00:00</time>
        <extensions>
        <ns2:TrackPointExtension>
        <ns2:Extensions>
            <surface>paved</surface>
        </ns2:Extensions>
        </ns2:TrackPointExtension>
        </extensions>
    </trkpt>
    <trkpt lat="52.248161" lon="20.922762">
        <ele>108.5</ele>
        <time>2021-07-10T16:25:13.671000+00:00</time>
        <extensions>
        <ns2:TrackPointExtension>
        <ns2:Extensions>
            <surface>ground</surface>
        </ns2:Extensions>
        </ns2:TrackPointExtension>
        </extensions>
    </trkpt>
    <trkpt lat="52.248249" lon="20.922587">
        <ele>108.4</ele>
        <time>2021-07-10T16:25:16.565000+00:00</time>
    </trkpt>
    <trkpt lat="52.248237" lon="20.922521">
        <ele>108.3</ele>
        <time>2021-07-10T16:25:17.434000+00:00</time>
    </trkpt>
    <trkpt lat="52.248277" lon="20.922437">
        <ele>108.2</ele>
        <time>2021-07-10T16:25:18.795000+00:00</time>
        <extensions>
        <ns2:TrackPointExtension>
        <ns2:Extensions>
            <surface>paved</surface>
        </ns2:Extensions>
        </ns2:TrackPointExtension>
        </extensions>
    </trkpt>
    <trkpt lat="52.248238" lon="20.922303">
        <ele>108.1</ele>
        <time>2021-07-10T16:25:20.694000+00:00</time>
    </trkpt>
    <trkpt lat="52.248323" lon="20.922077">
        <ele>107.7</ele>
        <time>2021-07-10T16:25:24.129000+00:00</time>
        <extensions>
        <ns2:TrackPointExtension>
        <ns2:Extensions>
            <surface>asphalt</surface>
        </ns2:Extensions>
        </ns2:TrackPointExtension>
        </extensions>
    </trkpt>
    <trkpt lat="52.250978" lon="20.91628">
        <ele>107.9</ele>
        <time>2021-07-10T16:26:59.926000+00:00</time>
        <extensions>
        <ns2:TrackPointExtension>
        <ns2:Extensions>
            <surface>asphalt</surface>
        </ns2:Extensions>
        </ns2:TrackPointExtension>
        </extensions>
    </trkpt>
    <trkpt lat="52.252115" lon="20.914019">
        <ele>106.2</ele>
        <time>2021-07-10T16:27:39.370000+00:00</time>
        <extensions>
        <ns2:TrackPointExtension>
        <ns2:Extensions>
            <surface>asphalt</surface>
        </ns2:Extensions>
        </ns2:TrackPointExtension>
        </extensions>
    </trkpt>
    <trkpt lat="52.252291" lon="20.913555">
        <ele>106.8</ele>
        <time>2021-07-10T16:27:46.820000+00:00</time>
        <extensions>
        <ns2:TrackPointExtension>
        <ns2:Extensions>
            <surface>asphalt</surface>
        </ns2:Extensions>
        </ns2:TrackPointExtension>
        </extensions>
    </trkpt>
    <trkpt lat="52.252291" lon="20.913555">
        <ele>106.8</ele>
        <time>2021-07-10T16:27:46.820000+00:00</time>
        <extensions>
        <ns2:TrackPointExtension>
        <ns2:Extensions>
            <surface>asphalt</surface>
        </ns2:Extensions>
        </ns2:TrackPointExtension>
        </extensions>
    </trkpt>
    <trkpt lat="52.252384" lon="20.913284">
        <ele>107.3</ele>
        <time>2021-07-10T16:27:51.153000+00:00</time>
        <extensions>
        <ns2:TrackPointExtension>
        <ns2:Extensions>
            <surface>asphalt</surface>
        </ns2:Extensions>
        </ns2:TrackPointExtension>
        </extensions>
    </trkpt>
    <trkpt lat="52.252509" lon="20.913393">
        <ele>107.7</ele>
        <time>2021-07-10T16:27:54.397000+00:00</time>
        <extensions>
        <ns2:TrackPointExtension>
        <ns2:Extensions>
            <surface>asphalt</surface>
        </ns2:Extensions>
        </ns2:TrackPointExtension>
        </extensions>
    </trkpt>
    <trkpt lat="52.252544" lon="20.91327">
        <ele>107.8</ele>
        <time>2021-07-10T16:27:56.315000+00:00</time>
        <extensions>
        <ns2:TrackPointExtension>
        <ns2:Extensions>
            <surface>asphalt</surface>
        </ns2:Extensions>
        </ns2:TrackPointExtension>
        </extensions>
    </trkpt>
    <trkpt lat="52.253038" lon="20.913874">
        <ele>108.6</ele>
        <time>2021-07-10T16:28:10.711000+00:00</time>
        <extensions>
        <ns2:TrackPointExtension>
        <ns2:Extensions>
            <surface>asphalt</surface>
        </ns2:Extensions>
        </ns2:TrackPointExtension>
        </extensions>
    </trkpt>
    <trkpt lat="52.253198" lon="20.914137">
        <ele>108.5</ele>
        <time>2021-07-10T16:28:16.031000+00:00</time>
        <extensions>
        <ns2:TrackPointExtension>
        <ns2:Extensions>
            <surface>asphalt</surface>
        </ns2:Extensions>
        </ns2:TrackPointExtension>
        </extensions>
    </trkpt>
    <trkpt lat="52.254078" lon="20.915232">
        <ele>107.2</ele>
        <time>2021-07-10T16:28:42.154000+00:00</time>
        <extensions>
        <ns2:TrackPointExtension>
        <ns2:Extensions>
            <surface>asphalt</surface>
        </ns2:Extensions>
        </ns2:TrackPointExtension>
        </extensions>
    </trkpt>
    <trkpt lat="52.254108" lon="20.915375">
        <ele>107.2</ele>
        <time>2021-07-10T16:28:44.354000+00:00</time>
        <extensions>
        <ns2:TrackPointExtension>
        <ns2:Extensions>
            <surface>asphalt</surface>
        </ns2:Extensions>
        </ns2:TrackPointExtension>
        </extensions>
    </trkpt>
    <trkpt lat="52.254124" lon="20.915555">
        <ele>107.3</ele>
        <time>2021-07-10T16:28:47.018000+00:00</time>
        <extensions>
        <ns2:TrackPointExtension>
        <ns2:Extensions>
            <surface>asphalt</surface>
        </ns2:Extensions>
        </ns2:TrackPointExtension>
        </extensions>
    </trkpt>
    <trkpt lat="52.2546" lon="20.916124">
        <ele>107.3</ele>
        <time>2021-07-10T16:29:01.197000+00:00</time>
    </trkpt>
    <trkpt lat="52.254476" lon="20.916388">
        <ele>107.9</ele>
        <time>2021-07-10T16:29:06.106000+00:00</time>
    </trkpt>
    <trkpt lat="52.255325" lon="20.917489">
        <ele>108.2</ele>
        <time>2021-07-10T16:29:32.318000+00:00</time>
        <extensions>
        <ns2:TrackPointExtension>
        <ns2:Extensions>
            <surface>asphalt</surface>
        </ns2:Extensions>
        </ns2:TrackPointExtension>
        </extensions>
    </trkpt>
    <trkpt lat="52.256115" lon="20.918427">
        <ele>107.1</ele>
        <time>2021-07-10T16:29:55.980000+00:00</time>
        <extensions>
        <ns2:TrackPointExtension>
        <ns2:Extensions>
            <surface>asphalt</surface>
        </ns2:Extensions>
        </ns2:TrackPointExtension>
        </extensions>
    </trkpt>
    <trkpt lat="52.257323" lon="20.91997">
        <ele>107.7</ele>
        <time>2021-07-10T16:30:33.211000+00:00</time>
        <extensions>
        <ns2:TrackPointExtension>
        <ns2:Extensions>
            <surface>asphalt</surface>
        </ns2:Extensions>
        </ns2:TrackPointExtension>
        </extensions>
    </trkpt>
    <trkpt lat="52.257323" lon="20.91997">
        <ele>107.7</ele>
        <time>2021-07-10T16:30:33.211000+00:00</time>
        <extensions>
        <ns2:TrackPointExtension>
        <ns2:Extensions>
            <surface>asphalt</surface>
        </ns2:Extensions>
        </ns2:TrackPointExtension>
        </extensions>
    </trkpt>
    <trkpt lat="52.257432" lon="20.920102">
        <ele>107.9</ele>
        <time>2021-07-10T16:30:36.518000+00:00</time>
        <extensions>
        <ns2:TrackPointExtension>
        <ns2:Extensions>
            <surface>asphalt</surface>
        </ns2:Extensions>
        </ns2:TrackPointExtension>
        </extensions>
    </trkpt>
    <trkpt lat="52.257474" lon="20.919992">
        <ele>107.9</ele>
        <time>2021-07-10T16:30:38.467000+00:00</time>
    </trkpt>
    <trkpt lat="52.257299" lon="20.919779">
        <ele>107.5</ele>
        <time>2021-07-10T16:30:43.836000+00:00</time>
        <extensions>
        <ns2:TrackPointExtension>
        <ns2:Extensions>
            <surface>asphalt</surface>
        </ns2:Extensions>
        </ns2:TrackPointExtension>
        </extensions>
    </trkpt>
    <trkpt lat="52.257355" lon="20.919637">
        <ele>107.5</ele>
        <time>2021-07-10T16:30:46.378000+00:00</time>
        <extensions>
        <ns2:TrackPointExtension>
        <ns2:Extensions>
            <surface>asphalt</surface>
        </ns2:Extensions>
        </ns2:TrackPointExtension>
        </extensions>
    </trkpt>
    <trkpt lat="52.257471" lon="20.919775">
        <ele>107.8</ele>
        <time>2021-07-10T16:30:49.867000+00:00</time>
        <extensions>
        <ns2:TrackPointExtension>
        <ns2:Extensions>
            <surface>paving_stones</surface>
        </ns2:Extensions>
        </ns2:TrackPointExtension>
        </extensions>
    </trkpt>
    <trkpt lat="52.257488" lon="20.919737">
        <ele>107.8</ele>
        <time>2021-07-10T16:30:50.534000+00:00</time>
        <extensions>
        <ns2:TrackPointExtension>
        <ns2:Extensions>
            <surface>asphalt</surface>
        </ns2:Extensions>
        </ns2:TrackPointExtension>
        </extensions>
    </trkpt>
    <trkpt lat="52.257762" lon="20.920041">
        <ele>108.6</ele>
        <time>2021-07-10T16:30:58.228000+00:00</time>
        <extensions>
        <ns2:TrackPointExtension>
        <ns2:Extensions>
            <surface>asphalt</surface>
        </ns2:Extensions>
        </ns2:TrackPointExtension>
        </extensions>
    </trkpt>
    <trkpt lat="52.258863" lon="20.921361">
        <ele>107.4</ele>
        <time>2021-07-10T16:31:30.174000+00:00</time>
        <extensions>
        <ns2:TrackPointExtension>
        <ns2:Extensions>
            <surface>asphalt</surface>
        </ns2:Extensions>
        </ns2:TrackPointExtension>
        </extensions>
    </trkpt>
    <trkpt lat="52.259443" lon="20.922081">
        <ele>109.2</ele>
        <time>2021-07-10T16:31:47.286000+00:00</time>
        <extensions>
        <ns2:TrackPointExtension>
        <ns2:Extensions>
            <surface>asphalt</surface>
        </ns2:Extensions>
        </ns2:TrackPointExtension>
        </extensions>
    </trkpt>
    <trkpt lat="52.259667" lon="20.92241">
        <ele>109.0</ele>
        <time>2021-07-10T16:31:54.357000+00:00</time>
        <extensions>
        <ns2:TrackPointExtension>
        <ns2:Extensions>
            <surface>asphalt</surface>
        </ns2:Extensions>
        </ns2:TrackPointExtension>
        </extensions>
    </trkpt>
    <trkpt lat="52.259946" lon="20.922813">
        <ele>107.8</ele>
        <time>2021-07-10T16:32:03.148000+00:00</time>
        <extensions>
        <ns2:TrackPointExtension>
        <ns2:Extensions>
            <surface>paving_stones</surface>
        </ns2:Extensions>
        </ns2:TrackPointExtension>
        </extensions>
    </trkpt>
    <trkpt lat="52.260683" lon="20.923678">
        <ele>106.6</ele>
        <time>2021-07-10T16:32:24.695000+00:00</time>
        <extensions>
        <ns2:TrackPointExtension>
        <ns2:Extensions>
            <surface>paving_stones</surface>
        </ns2:Extensions>
        </ns2:TrackPointExtension>
        </extensions>
    </trkpt>
    <trkpt lat="52.260908" lon="20.923829">
        <ele>105.8</ele>
        <time>2021-07-10T16:32:30.480000+00:00</time>
        <extensions>
        <ns2:TrackPointExtension>
        <ns2:Extensions>
            <surface>paving_stones</surface>
        </ns2:Extensions>
        </ns2:TrackPointExtension>
        </extensions>
    </trkpt>
    <trkpt lat="52.261308" lon="20.924314">
        <ele>105.2</ele>
        <time>2021-07-10T16:32:42.317000+00:00</time>
        <extensions>
        <ns2:TrackPointExtension>
        <ns2:Extensions>
            <surface>paving_stones</surface>
        </ns2:Extensions>
        </ns2:TrackPointExtension>
        </extensions>
    </trkpt>
    <trkpt lat="52.261403" lon="20.924349">
        <ele>105.2</ele>
        <time>2021-07-10T16:32:44.522000+00:00</time>
        <extensions>
        <ns2:TrackPointExtension>
        <ns2:Extensions>
            <surface>paving_stones</surface>
        </ns2:Extensions>
        </ns2:TrackPointExtension>
        </extensions>
    </trkpt>
    <trkpt lat="52.261487" lon="20.924457">
        <ele>105.3</ele>
        <time>2021-07-10T16:32:46.876000+00:00</time>
        <extensions>
        <ns2:TrackPointExtension>
        <ns2:Extensions>
            <surface>paving_stones</surface>
        </ns2:Extensions>
        </ns2:TrackPointExtension>
        </extensions>
    </trkpt>
    <trkpt lat="52.261604" lon="20.924515">
        <ele>105.5</ele>
        <time>2021-07-10T16:32:49.474000+00:00</time>
        <extensions>
        <ns2:TrackPointExtension>
        <ns2:Extensions>
            <surface>paving_stones</surface>
        </ns2:Extensions>
        </ns2:TrackPointExtension>
        </extensions>
    </trkpt>
    <trkpt lat="52.262085" lon="20.92511">
        <ele>106.9</ele>
        <time>2021-07-10T16:33:02.457000+00:00</time>
        <extensions>
        <ns2:TrackPointExtension>
        <ns2:Extensions>
            <surface>paving_stones</surface>
        </ns2:Extensions>
        </ns2:TrackPointExtension>
        </extensions>
    </trkpt>
    <trkpt lat="52.262108" lon="20.925206">
        <ele>106.9</ele>
        <time>2021-07-10T16:33:03.723000+00:00</time>
        <extensions>
        <ns2:TrackPointExtension>
        <ns2:Extensions>
            <surface>asphalt</surface>
        </ns2:Extensions>
        </ns2:TrackPointExtension>
        </extensions>
    </trkpt>
    <trkpt lat="52.262139" lon="20.925271">
        <ele>106.9</ele>
        <time>2021-07-10T16:33:04.684000+00:00</time>
        <extensions>
        <ns2:TrackPointExtension>
        <ns2:Extensions>
            <surface>paving_stones</surface>
        </ns2:Extensions>
        </ns2:TrackPointExtension>
        </extensions>
    </trkpt>
    <trkpt lat="52.26295" lon="20.926272">
        <ele>104.6</ele>
        <time>2021-07-10T16:33:24.709000+00:00</time>
        <extensions>
        <ns2:TrackPointExtension>
        <ns2:Extensions>
            <surface>paving_stones</surface>
        </ns2:Extensions>
        </ns2:TrackPointExtension>
        </extensions>
    </trkpt>
    <trkpt lat="52.26298" lon="20.926406">
        <ele>104.0</ele>
        <time>2021-07-10T16:33:26.461000+00:00</time>
        <extensions>
        <ns2:TrackPointExtension>
        <ns2:Extensions>
            <surface>paving_stones</surface>
        </ns2:Extensions>
        </ns2:TrackPointExtension>
        </extensions>
    </trkpt>
    <trkpt lat="52.263423" lon="20.926998">
        <ele>103.3</ele>
        <time>2021-07-10T16:33:38.252000+00:00</time>
        <extensions>
        <ns2:TrackPointExtension>
        <ns2:Extensions>
            <surface>paving_stones</surface>
        </ns2:Extensions>
        </ns2:TrackPointExtension>
        </extensions>
    </trkpt>
    <trkpt lat="52.263479" lon="20.927188">
        <ele>103.3</ele>
        <time>2021-07-10T16:33:40.949000+00:00</time>
        <extensions>
        <ns2:TrackPointExtension>
        <ns2:Extensions>
            <surface>paving_stones</surface>
        </ns2:Extensions>
        </ns2:TrackPointExtension>
        </extensions>
    </trkpt>
    <trkpt lat="52.263703" lon="20.927285">
        <ele>103.0</ele>
        <time>2021-07-10T16:33:45.846000+00:00</time>
        <extensions>
        <ns2:TrackPointExtension>
        <ns2:Extensions>
            <surface>paving_stones</surface>
        </ns2:Extensions>
        </ns2:TrackPointExtension>
        </extensions>
    </trkpt>
    <trkpt lat="52.263726" lon="20.927335">
        <ele>103.0</ele>
        <time>2021-07-10T16:33:46.566000+00:00</time>
        <extensions>
        <ns2:TrackPointExtension>
        <ns2:Extensions>
            <surface>paving_stones</surface>
        </ns2:Extensions>
        </ns2:TrackPointExtension>
        </extensions>
    </trkpt>
    <trkpt lat="52.263862" lon="20.927761">
        <ele>102.8</ele>
        <time>2021-07-10T16:33:52.243000+00:00</time>
        <extensions>
        <ns2:TrackPointExtension>
        <ns2:Extensions>
            <surface>asphalt</surface>
        </ns2:Extensions>
        </ns2:TrackPointExtension>
        </extensions>
    </trkpt>
    <trkpt lat="52.264593" lon="20.928785">
        <ele>103.2</ele>
        <time>2021-07-10T16:34:11.411000+00:00</time>
        <extensions>
        <ns2:TrackPointExtension>
        <ns2:Extensions>
            <surface>asphalt</surface>
        </ns2:Extensions>
        </ns2:TrackPointExtension>
        </extensions>
    </trkpt>
    <trkpt lat="52.266249" lon="20.930827">
        <ele>103.9</ele>
        <time>2021-07-10T16:34:53.929000+00:00</time>
        <extensions>
        <ns2:TrackPointExtension>
        <ns2:Extensions>
            <surface>asphalt</surface>
        </ns2:Extensions>
        </ns2:TrackPointExtension>
        </extensions>
    </trkpt>
    <trkpt lat="52.266683" lon="20.931216">
        <ele>103.7</ele>
        <time>2021-07-10T16:35:04.331000+00:00</time>
        <extensions>
        <ns2:TrackPointExtension>
        <ns2:Extensions>
            <surface>asphalt</surface>
        </ns2:Extensions>
        </ns2:TrackPointExtension>
        </extensions>
    </trkpt>
    <trkpt lat="52.266823" lon="20.931318">
        <ele>103.7</ele>
        <time>2021-07-10T16:35:07.624000+00:00</time>
        <extensions>
        <ns2:TrackPointExtension>
        <ns2:Extensions>
            <surface>asphalt</surface>
        </ns2:Extensions>
        </ns2:TrackPointExtension>
        </extensions>
    </trkpt>
    <trkpt lat="52.267725" lon="20.931824">
        <ele>102.4</ele>
        <time>2021-07-10T16:35:28.518000+00:00</time>
        <extensions>
        <ns2:TrackPointExtension>
        <ns2:Extensions>
            <surface>asphalt</surface>
        </ns2:Extensions>
        </ns2:TrackPointExtension>
        </extensions>
    </trkpt>
    <trkpt lat="52.267823" lon="20.931777">
        <ele>102.7</ele>
        <time>2021-07-10T16:35:30.793000+00:00</time>
        <extensions>
        <ns2:TrackPointExtension>
        <ns2:Extensions>
            <surface>asphalt</surface>
        </ns2:Extensions>
        </ns2:TrackPointExtension>
        </extensions>
    </trkpt>
    <trkpt lat="52.268209" lon="20.931961">
        <ele>102.9</ele>
        <time>2021-07-10T16:35:39.883000+00:00</time>
        <extensions>
        <ns2:TrackPointExtension>
        <ns2:Extensions>
            <surface>asphalt</surface>
        </ns2:Extensions>
        </ns2:TrackPointExtension>
        </extensions>
    </trkpt>
    <trkpt lat="52.268798" lon="20.932305">
        <ele>104.0</ele>
        <time>2021-07-10T16:35:54.201000+00:00</time>
        <extensions>
        <ns2:TrackPointExtension>
        <ns2:Extensions>
            <surface>asphalt</surface>
        </ns2:Extensions>
        </ns2:TrackPointExtension>
        </extensions>
    </trkpt>
    <trkpt lat="52.268762" lon="20.932465">
        <ele>104.0</ele>
        <time>2021-07-10T16:35:56.614000+00:00</time>
        <extensions>
        <ns2:TrackPointExtension>
        <ns2:Extensions>
            <surface>paving_stones</surface>
        </ns2:Extensions>
        </ns2:TrackPointExtension>
        </extensions>
    </trkpt>
    <trkpt lat="52.268576" lon="20.932361">
        <ele>103.7</ele>
        <time>2021-07-10T16:36:01.202000+00:00</time>
        <extensions>
        <ns2:TrackPointExtension>
        <ns2:Extensions>
            <surface>asphalt</surface>
        </ns2:Extensions>
        </ns2:TrackPointExtension>
        </extensions>
    </trkpt>
    <trkpt lat="52.268512" lon="20.932496">
        <ele>103.5</ele>
        <time>2021-07-10T16:36:03.660000+00:00</time>
        <extensions>
        <ns2:TrackPointExtension>
        <ns2:Extensions>
            <surface>asphalt</surface>
        </ns2:Extensions>
        </ns2:TrackPointExtension>
        </extensions>
    </trkpt>
    <trkpt lat="52.268438" lon="20.932876">
        <ele>103.2</ele>
        <time>2021-07-10T16:36:09.444000+00:00</time>
        <extensions>
        <ns2:TrackPointExtension>
        <ns2:Extensions>
            <surface>asphalt</surface>
        </ns2:Extensions>
        </ns2:TrackPointExtension>
        </extensions>
    </trkpt>
    <trkpt lat="52.268474" lon="20.932896">
        <ele>103.3</ele>
        <time>2021-07-10T16:36:10.410000+00:00</time>
    </trkpt>
    <trkpt lat="52.268474" lon="20.932896">
        <ele>103.3</ele>
        <time>2021-07-10T16:36:10.410000+00:00</time>
    </trkpt>
    <trkpt lat="52.26855" lon="20.932936">
        <ele>103.3</ele>
        <time>2021-07-10T16:36:12.468000+00:00</time>
    </trkpt>
    <trkpt lat="52.268578" lon="20.932727">
        <ele>103.6</ele>
        <time>2021-07-10T16:36:15.834000+00:00</time>
        <extensions>
        <ns2:TrackPointExtension>
        <ns2:Extensions>
            <surface>asphalt</surface>
        </ns2:Extensions>
        </ns2:TrackPointExtension>
        </extensions>
    </trkpt>
    <trkpt lat="52.268695" lon="20.932793">
        <ele>103.8</ele>
        <time>2021-07-10T16:36:19.009000+00:00</time>
        <extensions>
        <ns2:TrackPointExtension>
        <ns2:Extensions>
            <surface>asphalt</surface>
        </ns2:Extensions>
        </ns2:TrackPointExtension>
        </extensions>
    </trkpt>
    <trkpt lat="52.26836" lon="20.934961">
        <ele>104.1</ele>
        <time>2021-07-10T16:36:53.906000+00:00</time>
        <extensions>
        <ns2:TrackPointExtension>
        <ns2:Extensions>
            <surface>paving_stones</surface>
        </ns2:Extensions>
        </ns2:TrackPointExtension>
        </extensions>
    </trkpt>
    <trkpt lat="52.268287" lon="20.935046">
        <ele>105.6</ele>
        <time>2021-07-10T16:36:56.188000+00:00</time>
        <extensions>
        <ns2:TrackPointExtension>
        <ns2:Extensions>
            <surface>paving_stones</surface>
        </ns2:Extensions>
        </ns2:TrackPointExtension>
        </extensions>
    </trkpt>
    <trkpt lat="52.268037" lon="20.936681">
        <ele>106.2</ele>
        <time>2021-07-10T16:37:22.327000+00:00</time>
        <extensions>
        <ns2:TrackPointExtension>
        <ns2:Extensions>
            <surface>paving_stones</surface>
        </ns2:Extensions>
        </ns2:TrackPointExtension>
        </extensions>
    </trkpt>
    <trkpt lat="52.267906" lon="20.93741">
        <ele>106.7</ele>
        <time>2021-07-10T16:37:34.048000+00:00</time>
        <extensions>
        <ns2:TrackPointExtension>
        <ns2:Extensions>
            <surface>paving_stones</surface>
        </ns2:Extensions>
        </ns2:TrackPointExtension>
        </extensions>
    </trkpt>
    <trkpt lat="52.267647" lon="20.938593">
        <ele>106.7</ele>
        <time>2021-07-10T16:37:53.344000+00:00</time>
        <extensions>
        <ns2:TrackPointExtension>
        <ns2:Extensions>
            <surface>paving_stones</surface>
        </ns2:Extensions>
        </ns2:TrackPointExtension>
        </extensions>
    </trkpt>
    <trkpt lat="52.267656" lon="20.938657">
        <ele>106.5</ele>
        <time>2021-07-10T16:37:54.318000+00:00</time>
        <extensions>
        <ns2:TrackPointExtension>
        <ns2:Extensions>
            <surface>paving_stones</surface>
        </ns2:Extensions>
        </ns2:TrackPointExtension>
        </extensions>
    </trkpt>
    <trkpt lat="52.267701" lon="20.938834">
        <ele>106.5</ele>
        <time>2021-07-10T16:37:57.130000+00:00</time>
        <extensions>
        <ns2:TrackPointExtension>
        <ns2:Extensions>
            <surface>paving_stones</surface>
        </ns2:Extensions>
        </ns2:TrackPointExtension>
        </extensions>
    </trkpt>
    <trkpt lat="52.267395" lon="20.940075">
        <ele>106.1</ele>
        <time>2021-07-10T16:38:16.803000+00:00</time>
        <extensions>
        <ns2:TrackPointExtension>
        <ns2:Extensions>
            <surface>paving_stones</surface>
        </ns2:Extensions>
        </ns2:TrackPointExtension>
        </extensions>
    </trkpt>
    <trkpt lat="52.267227" lon="20.940225">
        <ele>105.2</ele>
        <time>2021-07-10T16:38:21.370000+00:00</time>
        <extensions>
        <ns2:TrackPointExtension>
        <ns2:Extensions>
            <surface>paving_stones</surface>
        </ns2:Extensions>
        </ns2:TrackPointExtension>
        </extensions>
    </trkpt>
    <trkpt lat="52.266874" lon="20.941479">
        <ele>104.4</ele>
        <time>2021-07-10T16:38:41.539000+00:00</time>
        <extensions>
        <ns2:TrackPointExtension>
        <ns2:Extensions>
            <surface>paving_stones</surface>
        </ns2:Extensions>
        </ns2:TrackPointExtension>
        </extensions>
    </trkpt>
    <trkpt lat="52.266475" lon="20.942795">
        <ele>102.7</ele>
        <time>2021-07-10T16:39:02.996000+00:00</time>
        <extensions>
        <ns2:TrackPointExtension>
        <ns2:Extensions>
            <surface>paving_stones</surface>
        </ns2:Extensions>
        </ns2:TrackPointExtension>
        </extensions>
    </trkpt>
    <trkpt lat="52.266049" lon="20.944077">
        <ele>102.4</ele>
        <time>2021-07-10T16:39:24.295000+00:00</time>
        <extensions>
        <ns2:TrackPointExtension>
        <ns2:Extensions>
            <surface>paving_stones</surface>
        </ns2:Extensions>
        </ns2:TrackPointExtension>
        </extensions>
    </trkpt>
    <trkpt lat="52.266057" lon="20.944144">
        <ele>102.2</ele>
        <time>2021-07-10T16:39:25.141000+00:00</time>
        <extensions>
        <ns2:TrackPointExtension>
        <ns2:Extensions>
            <surface>paving_stones</surface>
        </ns2:Extensions>
        </ns2:TrackPointExtension>
        </extensions>
    </trkpt>
    <trkpt lat="52.266061" lon="20.944198">
        <ele>102.0</ele>
        <time>2021-07-10T16:39:25.696000+00:00</time>
        <extensions>
        <ns2:TrackPointExtension>
        <ns2:Extensions>
            <surface>paving_stones</surface>
        </ns2:Extensions>
        </ns2:TrackPointExtension>
        </extensions>
    </trkpt>
    <trkpt lat="52.265941" lon="20.944531">
        <ele>102.0</ele>
        <time>2021-07-10T16:39:29.726000+00:00</time>
        <extensions>
        <ns2:TrackPointExtension>
        <ns2:Extensions>
            <surface>paving_stones</surface>
        </ns2:Extensions>
        </ns2:TrackPointExtension>
        </extensions>
    </trkpt>
    <trkpt lat="52.265941" lon="20.944653">
        <ele>102.0</ele>
        <time>2021-07-10T16:39:30.905000+00:00</time>
        <extensions>
        <ns2:TrackPointExtension>
        <ns2:Extensions>
            <surface>paving_stones</surface>
        </ns2:Extensions>
        </ns2:TrackPointExtension>
        </extensions>
    </trkpt>
    <trkpt lat="52.265872" lon="20.944864">
        <ele>102.0</ele>
        <time>2021-07-10T16:39:33.240000+00:00</time>
        <extensions>
        <ns2:TrackPointExtension>
        <ns2:Extensions>
            <surface>paving_stones</surface>
        </ns2:Extensions>
        </ns2:TrackPointExtension>
        </extensions>
    </trkpt>
    <trkpt lat="52.265754" lon="20.945005">
        <ele>101.7</ele>
        <time>2021-07-10T16:39:35.606000+00:00</time>
        <extensions>
        <ns2:TrackPointExtension>
        <ns2:Extensions>
            <surface>paving_stones</surface>
        </ns2:Extensions>
        </ns2:TrackPointExtension>
        </extensions>
    </trkpt>
    <trkpt lat="52.265624" lon="20.945349">
        <ele>101.7</ele>
        <time>2021-07-10T16:39:39.772000+00:00</time>
        <extensions>
        <ns2:TrackPointExtension>
        <ns2:Extensions>
            <surface>paving_stones</surface>
        </ns2:Extensions>
        </ns2:TrackPointExtension>
        </extensions>
    </trkpt>
    <trkpt lat="52.26567" lon="20.945496">
        <ele>101.8</ele>
        <time>2021-07-10T16:39:41.505000+00:00</time>
        <extensions>
        <ns2:TrackPointExtension>
        <ns2:Extensions>
            <surface>paving_stones</surface>
        </ns2:Extensions>
        </ns2:TrackPointExtension>
        </extensions>
    </trkpt>
    <trkpt lat="52.263692" lon="20.950639">
        <ele>97.5</ele>
        <time>2021-07-10T16:40:48.301000+00:00</time>
        <extensions>
        <ns2:TrackPointExtension>
        <ns2:Extensions>
            <surface>paving_stones</surface>
        </ns2:Extensions>
        </ns2:TrackPointExtension>
        </extensions>
    </trkpt>
    <trkpt lat="52.263633" lon="20.950677">
        <ele>97.7</ele>
        <time>2021-07-10T16:40:49.439000+00:00</time>
        <extensions>
        <ns2:TrackPointExtension>
        <ns2:Extensions>
            <surface>paving_stones</surface>
        </ns2:Extensions>
        </ns2:TrackPointExtension>
        </extensions>
    </trkpt>
    <trkpt lat="52.263207" lon="20.951812">
        <ele>97.5</ele>
        <time>2021-07-10T16:41:04.660000+00:00</time>
        <extensions>
        <ns2:TrackPointExtension>
        <ns2:Extensions>
            <surface>paving_stones</surface>
        </ns2:Extensions>
        </ns2:TrackPointExtension>
        </extensions>
    </trkpt>
    <trkpt lat="52.262884" lon="20.952948">
        <ele>97.0</ele>
        <time>2021-07-10T16:41:19.504000+00:00</time>
        <extensions>
        <ns2:TrackPointExtension>
        <ns2:Extensions>
            <surface>paving_stones</surface>
        </ns2:Extensions>
        </ns2:TrackPointExtension>
        </extensions>
    </trkpt>
    <trkpt lat="52.262804" lon="20.953007">
        <ele>97.2</ele>
        <time>2021-07-10T16:41:21.264000+00:00</time>
        <extensions>
        <ns2:TrackPointExtension>
        <ns2:Extensions>
            <surface>paving_stones</surface>
        </ns2:Extensions>
        </ns2:TrackPointExtension>
        </extensions>
    </trkpt>
    <trkpt lat="52.262427" lon="20.952685">
        <ele>98.1</ele>
        <time>2021-07-10T16:41:30.045000+00:00</time>
        <extensions>
        <ns2:TrackPointExtension>
        <ns2:Extensions>
            <surface>asphalt</surface>
        </ns2:Extensions>
        </ns2:TrackPointExtension>
        </extensions>
    </trkpt>
    <trkpt lat="52.262116" lon="20.953482">
        <ele>98.6</ele>
        <time>2021-07-10T16:41:42.286000+00:00</time>
        <extensions>
        <ns2:TrackPointExtension>
        <ns2:Extensions>
            <surface>asphalt</surface>
        </ns2:Extensions>
        </ns2:TrackPointExtension>
        </extensions>
    </trkpt>
    <trkpt lat="52.262116" lon="20.953482">
        <ele>98.6</ele>
        <time>2021-07-10T16:41:42.286000+00:00</time>
        <extensions>
        <ns2:TrackPointExtension>
        <ns2:Extensions>
            <surface>asphalt</surface>
        </ns2:Extensions>
        </ns2:TrackPointExtension>
        </extensions>
    </trkpt>
    <trkpt lat="52.262027" lon="20.953737">
        <ele>99.0</ele>
        <time>2021-07-10T16:41:46.295000+00:00</time>
        <extensions>
        <ns2:TrackPointExtension>
        <ns2:Extensions>
            <surface>asphalt</surface>
        </ns2:Extensions>
        </ns2:TrackPointExtension>
        </extensions>
    </trkpt>
    <trkpt lat="52.260638" lon="20.957389">
        <ele>99.6</ele>
        <time>2021-07-10T16:42:45.887000+00:00</time>
        <extensions>
        <ns2:TrackPointExtension>
        <ns2:Extensions>
            <surface>asphalt</surface>
        </ns2:Extensions>
        </ns2:TrackPointExtension>
        </extensions>
    </trkpt>
    <trkpt lat="52.259539" lon="20.960039">
        <ele>100.9</ele>
        <time>2021-07-10T16:43:30.808000+00:00</time>
        <extensions>
        <ns2:TrackPointExtension>
        <ns2:Extensions>
            <surface>asphalt</surface>
        </ns2:Extensions>
        </ns2:TrackPointExtension>
        </extensions>
    </trkpt>
    <trkpt lat="52.257365" lon="20.965699">
        <ele>103.6</ele>
        <time>2021-07-10T16:45:05.582000+00:00</time>
        <extensions>
        <ns2:TrackPointExtension>
        <ns2:Extensions>
            <surface>asphalt</surface>
        </ns2:Extensions>
        </ns2:TrackPointExtension>
        </extensions>
    </trkpt>
    <trkpt lat="52.257126" lon="20.966202">
        <ele>103.6</ele>
        <time>2021-07-10T16:45:14.753000+00:00</time>
        <extensions>
        <ns2:TrackPointExtension>
        <ns2:Extensions>
            <surface>asphalt</surface>
        </ns2:Extensions>
        </ns2:TrackPointExtension>
        </extensions>
    </trkpt>
    <trkpt lat="52.256691" lon="20.967346">
        <ele>104.0</ele>
        <time>2021-07-10T16:45:34.308000+00:00</time>
        <extensions>
        <ns2:TrackPointExtension>
        <ns2:Extensions>
            <surface>asphalt</surface>
        </ns2:Extensions>
        </ns2:TrackPointExtension>
        </extensions>
    </trkpt>
    <trkpt lat="52.256615" lon="20.96726">
        <ele>104.0</ele>
        <time>2021-07-10T16:45:36.645000+00:00</time>
        <extensions>
        <ns2:TrackPointExtension>
        <ns2:Extensions>
            <surface>asphalt</surface>
        </ns2:Extensions>
        </ns2:TrackPointExtension>
        </extensions>
    </trkpt>
    <trkpt lat="52.256517" lon="20.967549">
        <ele>104.5</ele>
        <time>2021-07-10T16:45:41.832000+00:00</time>
        <extensions>
        <ns2:TrackPointExtension>
        <ns2:Extensions>
            <surface>asphalt</surface>
        </ns2:Extensions>
        </ns2:TrackPointExtension>
        </extensions>
    </trkpt>
    <trkpt lat="52.256269" lon="20.968165">
        <ele>105.7</ele>
        <time>2021-07-10T16:45:53.384000+00:00</time>
        <extensions>
        <ns2:TrackPointExtension>
        <ns2:Extensions>
            <surface>asphalt</surface>
        </ns2:Extensions>
        </ns2:TrackPointExtension>
        </extensions>
    </trkpt>
    <trkpt lat="52.256253" lon="20.968289">
        <ele>105.7</ele>
        <time>2021-07-10T16:45:55.501000+00:00</time>
        <extensions>
        <ns2:TrackPointExtension>
        <ns2:Extensions>
            <surface>asphalt</surface>
        </ns2:Extensions>
        </ns2:TrackPointExtension>
        </extensions>
    </trkpt>
    <trkpt lat="52.255891" lon="20.969227">
        <ele>106.9</ele>
        <time>2021-07-10T16:46:13.761000+00:00</time>
        <extensions>
        <ns2:TrackPointExtension>
        <ns2:Extensions>
            <surface>asphalt</surface>
        </ns2:Extensions>
        </ns2:TrackPointExtension>
        </extensions>
    </trkpt>
    <trkpt lat="52.255866" lon="20.969359">
        <ele>107.0</ele>
        <time>2021-07-10T16:46:16.056000+00:00</time>
    </trkpt>
    <trkpt lat="52.255737" lon="20.969701">
        <ele>107.2</ele>
        <time>2021-07-10T16:46:22.651000+00:00</time>
    </trkpt>
    <trkpt lat="52.255791" lon="20.969756">
        <ele>107.3</ele>
        <time>2021-07-10T16:46:24.384000+00:00</time>
        <extensions>
        <ns2:TrackPointExtension>
        <ns2:Extensions>
            <surface>paving_stones</surface>
        </ns2:Extensions>
        </ns2:TrackPointExtension>
        </extensions>
    </trkpt>
    <trkpt lat="52.255694" lon="20.97002">
        <ele>107.3</ele>
        <time>2021-07-10T16:46:29.458000+00:00</time>
        <extensions>
        <ns2:TrackPointExtension>
        <ns2:Extensions>
            <surface>asphalt</surface>
        </ns2:Extensions>
        </ns2:TrackPointExtension>
        </extensions>
    </trkpt>
    <trkpt lat="52.255781" lon="20.970108">
        <ele>107.5</ele>
        <time>2021-07-10T16:46:32.198000+00:00</time>
        <extensions>
        <ns2:TrackPointExtension>
        <ns2:Extensions>
            <surface>asphalt</surface>
        </ns2:Extensions>
        </ns2:TrackPointExtension>
        </extensions>
    </trkpt>
    <trkpt lat="52.25587" lon="20.970368">
        <ele>107.6</ele>
        <time>2021-07-10T16:46:37.024000+00:00</time>
        <extensions>
        <ns2:TrackPointExtension>
        <ns2:Extensions>
            <surface>asphalt</surface>
        </ns2:Extensions>
        </ns2:TrackPointExtension>
        </extensions>
    </trkpt>
    <trkpt lat="52.255835" lon="20.970403">
        <ele>107.5</ele>
        <time>2021-07-10T16:46:38.114000+00:00</time>
        <extensions>
        <ns2:TrackPointExtension>
        <ns2:Extensions>
            <surface>paving_stones</surface>
        </ns2:Extensions>
        </ns2:TrackPointExtension>
        </extensions>
    </trkpt>
    <trkpt lat="52.255795" lon="20.970366">
        <ele>107.5</ele>
        <time>2021-07-10T16:46:39.322000+00:00</time>
        <extensions>
        <ns2:TrackPointExtension>
        <ns2:Extensions>
            <surface>concrete</surface>
        </ns2:Extensions>
        </ns2:TrackPointExtension>
        </extensions>
    </trkpt>
    <trkpt lat="52.255755" lon="20.970372">
        <ele>107.5</ele>
        <time>2021-07-10T16:46:40.368000+00:00</time>
        <extensions>
        <ns2:TrackPointExtension>
        <ns2:Extensions>
            <surface>concrete</surface>
        </ns2:Extensions>
        </ns2:TrackPointExtension>
        </extensions>
    </trkpt>
    <trkpt lat="52.255723" lon="20.970406">
        <ele>107.5</ele>
        <time>2021-07-10T16:46:41.353000+00:00</time>
        <extensions>
        <ns2:TrackPointExtension>
        <ns2:Extensions>
            <surface>concrete</surface>
        </ns2:Extensions>
        </ns2:TrackPointExtension>
        </extensions>
    </trkpt>
    <trkpt lat="52.255595" lon="20.970743">
        <ele>107.3</ele>
        <time>2021-07-10T16:46:47.582000+00:00</time>
        <extensions>
        <ns2:TrackPointExtension>
        <ns2:Extensions>
            <surface>concrete</surface>
        </ns2:Extensions>
        </ns2:TrackPointExtension>
        </extensions>
    </trkpt>
    <trkpt lat="52.255624" lon="20.970833">
        <ele>107.3</ele>
        <time>2021-07-10T16:46:49.169000+00:00</time>
        <extensions>
        <ns2:TrackPointExtension>
        <ns2:Extensions>
            <surface>concrete</surface>
        </ns2:Extensions>
        </ns2:TrackPointExtension>
        </extensions>
    </trkpt>
    <trkpt lat="52.25567" lon="20.97087">
        <ele>107.3</ele>
        <time>2021-07-10T16:46:50.466000+00:00</time>
        <extensions>
        <ns2:TrackPointExtension>
        <ns2:Extensions>
            <surface>concrete</surface>
        </ns2:Extensions>
        </ns2:TrackPointExtension>
        </extensions>
    </trkpt>
    <trkpt lat="52.255647" lon="20.970797">
        <ele>107.3</ele>
        <time>2021-07-10T16:46:51.726000+00:00</time>
    </trkpt>
    <trkpt lat="52.25566" lon="20.970839">
        <ele>107.3</ele>
        <time>2021-07-10T16:46:52.440000+00:00</time>
        <extensions>
        <ns2:TrackPointExtension>
        <ns2:Extensions>
            <surface>paving_stones</surface>
        </ns2:Extensions>
        </ns2:TrackPointExtension>
        </extensions>
    </trkpt>
    <trkpt lat="52.255636" lon="20.970859">
        <ele>107.3</ele>
        <time>2021-07-10T16:46:53.102000+00:00</time>
        <extensions>
        <ns2:TrackPointExtension>
        <ns2:Extensions>
            <surface>paving_stones</surface>
        </ns2:Extensions>
        </ns2:TrackPointExtension>
        </extensions>
    </trkpt>
    <trkpt lat="52.255658" lon="20.970923">
        <ele>107.4</ele>
        <time>2021-07-10T16:46:54.203000+00:00</time>
        <extensions>
        <ns2:TrackPointExtension>
        <ns2:Extensions>
            <surface>paving_stones</surface>
        </ns2:Extensions>
        </ns2:TrackPointExtension>
        </extensions>
    </trkpt>
    <trkpt lat="52.255658" lon="20.970923">
        <ele>107.4</ele>
        <time>2021-07-10T16:46:54.203000+00:00</time>
        <extensions>
        <ns2:TrackPointExtension>
        <ns2:Extensions>
            <surface>paving_stones</surface>
        </ns2:Extensions>
        </ns2:TrackPointExtension>
        </extensions>
    </trkpt>
    <trkpt lat="52.255636" lon="20.970859">
        <ele>107.3</ele>
        <time>2021-07-10T16:46:55.306000+00:00</time>
        <extensions>
        <ns2:TrackPointExtension>
        <ns2:Extensions>
            <surface>paving_stones</surface>
        </ns2:Extensions>
        </ns2:TrackPointExtension>
        </extensions>
    </trkpt>
    <trkpt lat="52.25566" lon="20.970839">
        <ele>107.3</ele>
        <time>2021-07-10T16:46:55.967000+00:00</time>
        <extensions>
        <ns2:TrackPointExtension>
        <ns2:Extensions>
            <surface>paving_stones</surface>
        </ns2:Extensions>
        </ns2:TrackPointExtension>
        </extensions>
    </trkpt>
    <trkpt lat="52.255647" lon="20.970797">
        <ele>107.3</ele>
        <time>2021-07-10T16:46:56.675000+00:00</time>
        <extensions>
        <ns2:TrackPointExtension>
        <ns2:Extensions>
            <surface>paving_stones</surface>
        </ns2:Extensions>
        </ns2:TrackPointExtension>
        </extensions>
    </trkpt>
    <trkpt lat="52.25567" lon="20.97087">
        <ele>107.3</ele>
        <time>2021-07-10T16:46:57.912000+00:00</time>
    </trkpt>
    <trkpt lat="52.255624" lon="20.970833">
        <ele>107.3</ele>
        <time>2021-07-10T16:46:59.174000+00:00</time>
        <extensions>
        <ns2:TrackPointExtension>
        <ns2:Extensions>
            <surface>concrete</surface>
        </ns2:Extensions>
        </ns2:TrackPointExtension>
        </extensions>
    </trkpt>
    <trkpt lat="52.255595" lon="20.970743">
        <ele>107.3</ele>
        <time>2021-07-10T16:47:00.706000+00:00</time>
        <extensions>
        <ns2:TrackPointExtension>
        <ns2:Extensions>
            <surface>concrete</surface>
        </ns2:Extensions>
        </ns2:TrackPointExtension>
        </extensions>
    </trkpt>
    <trkpt lat="52.255723" lon="20.970406">
        <ele>107.5</ele>
        <time>2021-07-10T16:47:06.678000+00:00</time>
        <extensions>
        <ns2:TrackPointExtension>
        <ns2:Extensions>
            <surface>concrete</surface>
        </ns2:Extensions>
        </ns2:TrackPointExtension>
        </extensions>
    </trkpt>
    <trkpt lat="52.255755" lon="20.970372">
        <ele>107.5</ele>
        <time>2021-07-10T16:47:07.615000+00:00</time>
        <extensions>
        <ns2:TrackPointExtension>
        <ns2:Extensions>
            <surface>concrete</surface>
        </ns2:Extensions>
        </ns2:TrackPointExtension>
        </extensions>
    </trkpt>
    <trkpt lat="52.255795" lon="20.970366">
        <ele>107.5</ele>
        <time>2021-07-10T16:47:08.603000+00:00</time>
        <extensions>
        <ns2:TrackPointExtension>
        <ns2:Extensions>
            <surface>concrete</surface>
        </ns2:Extensions>
        </ns2:TrackPointExtension>
        </extensions>
    </trkpt>
    <trkpt lat="52.255835" lon="20.970403">
        <ele>107.5</ele>
        <time>2021-07-10T16:47:09.695000+00:00</time>
        <extensions>
        <ns2:TrackPointExtension>
        <ns2:Extensions>
            <surface>concrete</surface>
        </ns2:Extensions>
        </ns2:TrackPointExtension>
        </extensions>
    </trkpt>
    <trkpt lat="52.25587" lon="20.970368">
        <ele>107.6</ele>
        <time>2021-07-10T16:47:10.647000+00:00</time>
        <extensions>
        <ns2:TrackPointExtension>
        <ns2:Extensions>
            <surface>paving_stones</surface>
        </ns2:Extensions>
        </ns2:TrackPointExtension>
        </extensions>
    </trkpt>
    <trkpt lat="52.255781" lon="20.970108">
        <ele>107.5</ele>
        <time>2021-07-10T16:47:14.894000+00:00</time>
        <extensions>
        <ns2:TrackPointExtension>
        <ns2:Extensions>
            <surface>asphalt</surface>
        </ns2:Extensions>
        </ns2:TrackPointExtension>
        </extensions>
    </trkpt>
    <trkpt lat="52.255694" lon="20.97002">
        <ele>107.3</ele>
        <time>2021-07-10T16:47:17.274000+00:00</time>
        <extensions>
        <ns2:TrackPointExtension>
        <ns2:Extensions>
            <surface>asphalt</surface>
        </ns2:Extensions>
        </ns2:TrackPointExtension>
        </extensions>
    </trkpt>
    <trkpt lat="52.255229" lon="20.971287">
        <ele>107.1</ele>
        <time>2021-07-10T16:47:38.491000+00:00</time>
        <extensions>
        <ns2:TrackPointExtension>
        <ns2:Extensions>
            <surface>asphalt</surface>
        </ns2:Extensions>
        </ns2:TrackPointExtension>
        </extensions>
    </trkpt>
    <trkpt lat="52.255087" lon="20.971778">
        <ele>107.3</ele>
        <time>2021-07-10T16:47:46.346000+00:00</time>
        <extensions>
        <ns2:TrackPointExtension>
        <ns2:Extensions>
            <surface>asphalt</surface>
        </ns2:Extensions>
        </ns2:TrackPointExtension>
        </extensions>
    </trkpt>
    <trkpt lat="52.254823" lon="20.97247">
        <ele>107.7</ele>
        <time>2021-07-10T16:47:58.206000+00:00</time>
        <extensions>
        <ns2:TrackPointExtension>
        <ns2:Extensions>
            <surface>asphalt</surface>
        </ns2:Extensions>
        </ns2:TrackPointExtension>
        </extensions>
    </trkpt>
    <trkpt lat="52.253205" lon="20.96705">
        <ele>105.9</ele>
        <time>2021-07-10T16:49:26.384000+00:00</time>
        <extensions>
        <ns2:TrackPointExtension>
        <ns2:Extensions>
            <surface>asphalt</surface>
        </ns2:Extensions>
        </ns2:TrackPointExtension>
        </extensions>
    </trkpt>
    <trkpt lat="52.252518" lon="20.964617">
        <ele>106.2</ele>
        <time>2021-07-10T16:50:05.719000+00:00</time>
        <extensions>
        <ns2:TrackPointExtension>
        <ns2:Extensions>
            <surface>asphalt</surface>
        </ns2:Extensions>
        </ns2:TrackPointExtension>
        </extensions>
    </trkpt>
    <trkpt lat="52.252463" lon="20.96447">
        <ele>106.2</ele>
        <time>2021-07-10T16:50:08.139000+00:00</time>
        <extensions>
        <ns2:TrackPointExtension>
        <ns2:Extensions>
            <surface>asphalt</surface>
        </ns2:Extensions>
        </ns2:TrackPointExtension>
        </extensions>
    </trkpt>
    <trkpt lat="52.252357" lon="20.964453">
        <ele>106.3</ele>
        <time>2021-07-10T16:50:10.500000+00:00</time>
        <extensions>
        <ns2:TrackPointExtension>
        <ns2:Extensions>
            <surface>asphalt</surface>
        </ns2:Extensions>
        </ns2:TrackPointExtension>
        </extensions>
    </trkpt>
    <trkpt lat="52.248343" lon="20.965458">
        <ele>107.7</ele>
        <time>2021-07-10T16:51:41.825000+00:00</time>
        <extensions>
        <ns2:TrackPointExtension>
        <ns2:Extensions>
            <surface>asphalt</surface>
        </ns2:Extensions>
        </ns2:TrackPointExtension>
        </extensions>
    </trkpt>
    <trkpt lat="52.248159" lon="20.965472">
        <ele>107.5</ele>
        <time>2021-07-10T16:51:45.935000+00:00</time>
        <extensions>
        <ns2:TrackPointExtension>
        <ns2:Extensions>
            <surface>asphalt</surface>
        </ns2:Extensions>
        </ns2:TrackPointExtension>
        </extensions>
    </trkpt>
    <trkpt lat="52.247678" lon="20.965676">
        <ele>107.2</ele>
        <time>2021-07-10T16:51:57.089000+00:00</time>
        <extensions>
        <ns2:TrackPointExtension>
        <ns2:Extensions>
            <surface>asphalt</surface>
        </ns2:Extensions>
        </ns2:TrackPointExtension>
        </extensions>
    </trkpt>
    <trkpt lat="52.247515" lon="20.965804">
        <ele>106.9</ele>
        <time>2021-07-10T16:52:01.117000+00:00</time>
    </trkpt>
    <trkpt lat="52.247459" lon="20.965477">
        <ele>106.4</ele>
        <time>2021-07-10T16:52:05.790000+00:00</time>
        <extensions>
        <ns2:TrackPointExtension>
        <ns2:Extensions>
            <surface>asphalt</surface>
        </ns2:Extensions>
        </ns2:TrackPointExtension>
        </extensions>
    </trkpt>
    <trkpt lat="52.247376" lon="20.962735">
        <ele>103.1</ele>
        <time>2021-07-10T16:52:44.054000+00:00</time>
        <extensions>
        <ns2:TrackPointExtension>
        <ns2:Extensions>
            <surface>asphalt</surface>
        </ns2:Extensions>
        </ns2:TrackPointExtension>
        </extensions>
    </trkpt>
    <trkpt lat="52.247308" lon="20.961877">
        <ele>102.9</ele>
        <time>2021-07-10T16:52:56.222000+00:00</time>
        <extensions>
        <ns2:TrackPointExtension>
        <ns2:Extensions>
            <surface>asphalt</surface>
        </ns2:Extensions>
        </ns2:TrackPointExtension>
        </extensions>
    </trkpt>
    <trkpt lat="52.247281" lon="20.961744">
        <ele>103.0</ele>
        <time>2021-07-10T16:52:58.177000+00:00</time>
        <extensions>
        <ns2:TrackPointExtension>
        <ns2:Extensions>
            <surface>asphalt</surface>
        </ns2:Extensions>
        </ns2:TrackPointExtension>
        </extensions>
    </trkpt>
    <trkpt lat="52.247214" lon="20.961567">
        <ele>103.2</ele>
        <time>2021-07-10T16:53:01.047000+00:00</time>
        <extensions>
        <ns2:TrackPointExtension>
        <ns2:Extensions>
            <surface>asphalt</surface>
        </ns2:Extensions>
        </ns2:TrackPointExtension>
        </extensions>
    </trkpt>
    <trkpt lat="52.247011" lon="20.961262">
        <ele>102.8</ele>
        <time>2021-07-10T16:53:07.311000+00:00</time>
        <extensions>
        <ns2:TrackPointExtension>
        <ns2:Extensions>
            <surface>asphalt</surface>
        </ns2:Extensions>
        </ns2:TrackPointExtension>
        </extensions>
    </trkpt>
    <trkpt lat="52.247219" lon="20.96079">
        <ele>103.7</ele>
        <time>2021-07-10T16:53:15.478000+00:00</time>
        <extensions>
        <ns2:TrackPointExtension>
        <ns2:Extensions>
            <surface>asphalt</surface>
        </ns2:Extensions>
        </ns2:TrackPointExtension>
        </extensions>
    </trkpt>
    <trkpt lat="52.247401" lon="20.960151">
        <ele>104.7</ele>
        <time>2021-07-10T16:53:25.478000+00:00</time>
        <extensions>
        <ns2:TrackPointExtension>
        <ns2:Extensions>
            <surface>asphalt</surface>
        </ns2:Extensions>
        </ns2:TrackPointExtension>
        </extensions>
    </trkpt>
    <trkpt lat="52.247442" lon="20.959959">
        <ele>104.7</ele>
        <time>2021-07-10T16:53:28.389000+00:00</time>
        <extensions>
        <ns2:TrackPointExtension>
        <ns2:Extensions>
            <surface>asphalt</surface>
        </ns2:Extensions>
        </ns2:TrackPointExtension>
        </extensions>
    </trkpt>
    <trkpt lat="52.247472" lon="20.959696">
        <ele>104.8</ele>
        <time>2021-07-10T16:53:32.286000+00:00</time>
        <extensions>
        <ns2:TrackPointExtension>
        <ns2:Extensions>
            <surface>asphalt</surface>
        </ns2:Extensions>
        </ns2:TrackPointExtension>
        </extensions>
    </trkpt>
    <trkpt lat="52.247498" lon="20.959262">
        <ele>104.8</ele>
        <time>2021-07-10T16:53:38.698000+00:00</time>
        <extensions>
        <ns2:TrackPointExtension>
        <ns2:Extensions>
            <surface>asphalt</surface>
        </ns2:Extensions>
        </ns2:TrackPointExtension>
        </extensions>
    </trkpt>
    <trkpt lat="52.247504" lon="20.958846">
        <ele>104.8</ele>
        <time>2021-07-10T16:53:44.868000+00:00</time>
        <extensions>
        <ns2:TrackPointExtension>
        <ns2:Extensions>
            <surface>asphalt</surface>
        </ns2:Extensions>
        </ns2:TrackPointExtension>
        </extensions>
    </trkpt>
    <trkpt lat="52.247454" lon="20.95727">
        <ele>106.0</ele>
        <time>2021-07-10T16:54:08.340000+00:00</time>
        <extensions>
        <ns2:TrackPointExtension>
        <ns2:Extensions>
            <surface>asphalt</surface>
        </ns2:Extensions>
        </ns2:TrackPointExtension>
        </extensions>
    </trkpt>
    <trkpt lat="52.247447" lon="20.956973">
        <ele>106.4</ele>
        <time>2021-07-10T16:54:12.823000+00:00</time>
        <extensions>
        <ns2:TrackPointExtension>
        <ns2:Extensions>
            <surface>asphalt</surface>
        </ns2:Extensions>
        </ns2:TrackPointExtension>
        </extensions>
    </trkpt>
    <trkpt lat="52.247275" lon="20.956983">
        <ele>106.9</ele>
        <time>2021-07-10T16:54:17.119000+00:00</time>
        <extensions>
        <ns2:TrackPointExtension>
        <ns2:Extensions>
            <surface>asphalt</surface>
        </ns2:Extensions>
        </ns2:TrackPointExtension>
        </extensions>
    </trkpt>
    <trkpt lat="52.247133" lon="20.957051">
        <ele>107.2</ele>
        <time>2021-07-10T16:54:20.858000+00:00</time>
        <extensions>
        <ns2:TrackPointExtension>
        <ns2:Extensions>
            <surface>asphalt</surface>
        </ns2:Extensions>
        </ns2:TrackPointExtension>
        </extensions>
    </trkpt>
    <trkpt lat="52.244601" lon="20.957719">
        <ele>108.1</ele>
        <time>2021-07-10T16:55:25.445000+00:00</time>
        <extensions>
        <ns2:TrackPointExtension>
        <ns2:Extensions>
            <surface>asphalt</surface>
        </ns2:Extensions>
        </ns2:TrackPointExtension>
        </extensions>
    </trkpt>
    <trkpt lat="52.244013" lon="20.957799">
        <ele>108.2</ele>
        <time>2021-07-10T16:55:40.289000+00:00</time>
        <extensions>
        <ns2:TrackPointExtension>
        <ns2:Extensions>
            <surface>asphalt</surface>
        </ns2:Extensions>
        </ns2:TrackPointExtension>
        </extensions>
    </trkpt>
    <trkpt lat="52.243891" lon="20.9577">
        <ele>108.3</ele>
        <time>2021-07-10T16:55:43.835000+00:00</time>
        <extensions>
        <ns2:TrackPointExtension>
        <ns2:Extensions>
            <surface>asphalt</surface>
        </ns2:Extensions>
        </ns2:TrackPointExtension>
        </extensions>
    </trkpt>
    <trkpt lat="52.243679" lon="20.957692">
        <ele>109.0</ele>
        <time>2021-07-10T16:55:49.367000+00:00</time>
        <extensions>
        <ns2:TrackPointExtension>
        <ns2:Extensions>
            <surface>asphalt</surface>
        </ns2:Extensions>
        </ns2:TrackPointExtension>
        </extensions>
    </trkpt>
    <trkpt lat="52.243579" lon="20.957712">
        <ele>109.1</ele>
        <time>2021-07-10T16:55:51.987000+00:00</time>
        <extensions>
        <ns2:TrackPointExtension>
        <ns2:Extensions>
            <surface>paving_stones</surface>
        </ns2:Extensions>
        </ns2:TrackPointExtension>
        </extensions>
    </trkpt>
    <trkpt lat="52.243084" lon="20.957578">
        <ele>109.9</ele>
        <time>2021-07-10T16:56:04.937000+00:00</time>
        <extensions>
        <ns2:TrackPointExtension>
        <ns2:Extensions>
            <surface>asphalt</surface>
        </ns2:Extensions>
        </ns2:TrackPointExtension>
        </extensions>
    </trkpt>
    <trkpt lat="52.242885" lon="20.957557">
        <ele>110.2</ele>
        <time>2021-07-10T16:56:10.050000+00:00</time>
        <extensions>
        <ns2:TrackPointExtension>
        <ns2:Extensions>
            <surface>asphalt</surface>
        </ns2:Extensions>
        </ns2:TrackPointExtension>
        </extensions>
    </trkpt>
    <trkpt lat="52.242286" lon="20.957331">
        <ele>113.2</ele>
        <time>2021-07-10T16:56:25.722000+00:00</time>
        <extensions>
        <ns2:TrackPointExtension>
        <ns2:Extensions>
            <surface>asphalt</surface>
        </ns2:Extensions>
        </ns2:TrackPointExtension>
        </extensions>
    </trkpt>
    <trkpt lat="52.242144" lon="20.957215">
        <ele>113.4</ele>
        <time>2021-07-10T16:56:29.749000+00:00</time>
        <extensions>
        <ns2:TrackPointExtension>
        <ns2:Extensions>
            <surface>asphalt</surface>
        </ns2:Extensions>
        </ns2:TrackPointExtension>
        </extensions>
    </trkpt>
    <trkpt lat="52.241988" lon="20.957207">
        <ele>113.7</ele>
        <time>2021-07-10T16:56:33.691000+00:00</time>
        <extensions>
        <ns2:TrackPointExtension>
        <ns2:Extensions>
            <surface>asphalt</surface>
        </ns2:Extensions>
        </ns2:TrackPointExtension>
        </extensions>
    </trkpt>
    <trkpt lat="52.241098" lon="20.956862">
        <ele>111.4</ele>
        <time>2021-07-10T16:56:56.714000+00:00</time>
        <extensions>
        <ns2:TrackPointExtension>
        <ns2:Extensions>
            <surface>asphalt</surface>
        </ns2:Extensions>
        </ns2:TrackPointExtension>
        </extensions>
    </trkpt>
    <trkpt lat="52.238977" lon="20.955949">
        <ele>108.3</ele>
        <time>2021-07-10T16:57:51.747000+00:00</time>
        <extensions>
        <ns2:TrackPointExtension>
        <ns2:Extensions>
            <surface>asphalt</surface>
        </ns2:Extensions>
        </ns2:TrackPointExtension>
        </extensions>
    </trkpt>
    <trkpt lat="52.238899" lon="20.955958">
        <ele>108.2</ele>
        <time>2021-07-10T16:57:53.707000+00:00</time>
        <extensions>
        <ns2:TrackPointExtension>
        <ns2:Extensions>
            <surface>asphalt</surface>
        </ns2:Extensions>
        </ns2:TrackPointExtension>
        </extensions>
    </trkpt>
    <trkpt lat="52.238286" lon="20.95566">
        <ele>108.5</ele>
        <time>2021-07-10T16:58:09.701000+00:00</time>
        <extensions>
        <ns2:TrackPointExtension>
        <ns2:Extensions>
            <surface>asphalt</surface>
        </ns2:Extensions>
        </ns2:TrackPointExtension>
        </extensions>
    </trkpt>
    <trkpt lat="52.238262" lon="20.955903">
        <ele>108.5</ele>
        <time>2021-07-10T16:58:13.461000+00:00</time>
        <extensions>
        <ns2:TrackPointExtension>
        <ns2:Extensions>
            <surface>asphalt</surface>
        </ns2:Extensions>
        </ns2:TrackPointExtension>
        </extensions>
    </trkpt>
    <trkpt lat="52.238225" lon="20.956364">
        <ele>108.8</ele>
        <time>2021-07-10T16:58:20.482000+00:00</time>
        <extensions>
        <ns2:TrackPointExtension>
        <ns2:Extensions>
            <surface>paving_stones</surface>
        </ns2:Extensions>
        </ns2:TrackPointExtension>
        </extensions>
    </trkpt>
    <trkpt lat="52.238203" lon="20.956643">
        <ele>109.0</ele>
        <time>2021-07-10T16:58:24.648000+00:00</time>
        <extensions>
        <ns2:TrackPointExtension>
        <ns2:Extensions>
            <surface>asphalt</surface>
        </ns2:Extensions>
        </ns2:TrackPointExtension>
        </extensions>
    </trkpt>
    <trkpt lat="52.238063" lon="20.95713">
        <ele>109.1</ele>
        <time>2021-07-10T16:58:32.557000+00:00</time>
        <extensions>
        <ns2:TrackPointExtension>
        <ns2:Extensions>
            <surface>asphalt</surface>
        </ns2:Extensions>
        </ns2:TrackPointExtension>
        </extensions>
    </trkpt>
    <trkpt lat="52.237965" lon="20.957731">
        <ele>109.2</ele>
        <time>2021-07-10T16:58:41.712000+00:00</time>
        <extensions>
        <ns2:TrackPointExtension>
        <ns2:Extensions>
            <surface>asphalt</surface>
        </ns2:Extensions>
        </ns2:TrackPointExtension>
        </extensions>
    </trkpt>
    <trkpt lat="52.237937" lon="20.958548">
        <ele>110.1</ele>
        <time>2021-07-10T16:58:53.805000+00:00</time>
        <extensions>
        <ns2:TrackPointExtension>
        <ns2:Extensions>
            <surface>asphalt</surface>
        </ns2:Extensions>
        </ns2:TrackPointExtension>
        </extensions>
    </trkpt>
    <trkpt lat="52.238" lon="20.958555">
        <ele>110.2</ele>
        <time>2021-07-10T16:58:55.348000+00:00</time>
        <extensions>
        <ns2:TrackPointExtension>
        <ns2:Extensions>
            <surface>paving_stones</surface>
        </ns2:Extensions>
        </ns2:TrackPointExtension>
        </extensions>
    </trkpt>
    <trkpt lat="52.238218" lon="20.958566">
        <ele>110.5</ele>
        <time>2021-07-10T16:59:00.691000+00:00</time>
    </trkpt>
    <trkpt lat="52.238224" lon="20.958461">
        <ele>110.4</ele>
        <time>2021-07-10T16:59:02.275000+00:00</time>
        <extensions>
        <ns2:TrackPointExtension>
        <ns2:Extensions>
            <surface>concrete</surface>
        </ns2:Extensions>
        </ns2:TrackPointExtension>
        </extensions>
    </trkpt>
    <trkpt lat="52.238048" lon="20.958445">
        <ele>110.3</ele>
        <time>2021-07-10T16:59:06.605000+00:00</time>
        <extensions>
        <ns2:TrackPointExtension>
        <ns2:Extensions>
            <surface>concrete</surface>
        </ns2:Extensions>
        </ns2:TrackPointExtension>
        </extensions>
    </trkpt>
    <trkpt lat="52.238048" lon="20.958445">
        <ele>110.3</ele>
        <time>2021-07-10T16:59:06.605000+00:00</time>
        <extensions>
        <ns2:TrackPointExtension>
        <ns2:Extensions>
            <surface>concrete</surface>
        </ns2:Extensions>
        </ns2:TrackPointExtension>
        </extensions>
    </trkpt>
    <trkpt lat="52.238224" lon="20.958461">
        <ele>110.4</ele>
        <time>2021-07-10T16:59:10.931000+00:00</time>
        <extensions>
        <ns2:TrackPointExtension>
        <ns2:Extensions>
            <surface>concrete</surface>
        </ns2:Extensions>
        </ns2:TrackPointExtension>
        </extensions>
    </trkpt>
    <trkpt lat="52.238218" lon="20.958566">
        <ele>110.5</ele>
        <time>2021-07-10T16:59:12.500000+00:00</time>
        <extensions>
        <ns2:TrackPointExtension>
        <ns2:Extensions>
            <surface>concrete</surface>
        </ns2:Extensions>
        </ns2:TrackPointExtension>
        </extensions>
    </trkpt>
    <trkpt lat="52.238" lon="20.958555">
        <ele>110.2</ele>
        <time>2021-07-10T16:59:17.774000+00:00</time>
    </trkpt>
    <trkpt lat="52.237937" lon="20.958548">
        <ele>110.1</ele>
        <time>2021-07-10T16:59:19.257000+00:00</time>
        <extensions>
        <ns2:TrackPointExtension>
        <ns2:Extensions>
            <surface>paving_stones</surface>
        </ns2:Extensions>
        </ns2:TrackPointExtension>
        </extensions>
    </trkpt>
    <trkpt lat="52.237965" lon="20.957731">
        <ele>109.2</ele>
        <time>2021-07-10T16:59:31.063000+00:00</time>
        <extensions>
        <ns2:TrackPointExtension>
        <ns2:Extensions>
            <surface>asphalt</surface>
        </ns2:Extensions>
        </ns2:TrackPointExtension>
        </extensions>
    </trkpt>
    <trkpt lat="52.238063" lon="20.95713">
        <ele>109.1</ele>
        <time>2021-07-10T16:59:40.043000+00:00</time>
        <extensions>
        <ns2:TrackPointExtension>
        <ns2:Extensions>
            <surface>asphalt</surface>
        </ns2:Extensions>
        </ns2:TrackPointExtension>
        </extensions>
    </trkpt>
    <trkpt lat="52.238203" lon="20.956643">
        <ele>109.0</ele>
        <time>2021-07-10T16:59:47.813000+00:00</time>
        <extensions>
        <ns2:TrackPointExtension>
        <ns2:Extensions>
            <surface>asphalt</surface>
        </ns2:Extensions>
        </ns2:TrackPointExtension>
        </extensions>
    </trkpt>
    <trkpt lat="52.238225" lon="20.956364">
        <ele>108.8</ele>
        <time>2021-07-10T16:59:51.852000+00:00</time>
        <extensions>
        <ns2:TrackPointExtension>
        <ns2:Extensions>
            <surface>asphalt</surface>
        </ns2:Extensions>
        </ns2:TrackPointExtension>
        </extensions>
    </trkpt>
    <trkpt lat="52.238262" lon="20.955903">
        <ele>108.5</ele>
        <time>2021-07-10T16:59:58.521000+00:00</time>
        <extensions>
        <ns2:TrackPointExtension>
        <ns2:Extensions>
            <surface>paving_stones</surface>
        </ns2:Extensions>
        </ns2:TrackPointExtension>
        </extensions>
    </trkpt>
    <trkpt lat="52.238286" lon="20.95566">
        <ele>108.5</ele>
        <time>2021-07-10T17:00:02.017000+00:00</time>
        <extensions>
        <ns2:TrackPointExtension>
        <ns2:Extensions>
            <surface>asphalt</surface>
        </ns2:Extensions>
        </ns2:TrackPointExtension>
        </extensions>
    </trkpt>
    <trkpt lat="52.238398" lon="20.955709">
        <ele>108.4</ele>
        <time>2021-07-10T17:00:04.683000+00:00</time>
        <extensions>
        <ns2:TrackPointExtension>
        <ns2:Extensions>
            <surface>asphalt</surface>
        </ns2:Extensions>
        </ns2:TrackPointExtension>
        </extensions>
    </trkpt>
    <trkpt lat="52.23844" lon="20.955531">
        <ele>108.1</ele>
        <time>2021-07-10T17:00:07.354000+00:00</time>
        <extensions>
        <ns2:TrackPointExtension>
        <ns2:Extensions>
            <surface>paving_stones</surface>
        </ns2:Extensions>
        </ns2:TrackPointExtension>
        </extensions>
    </trkpt>
    <trkpt lat="52.238477" lon="20.954758">
        <ele>108.1</ele>
        <time>2021-07-10T17:00:18.319000+00:00</time>
        <extensions>
        <ns2:TrackPointExtension>
        <ns2:Extensions>
            <surface>paving_stones</surface>
        </ns2:Extensions>
        </ns2:TrackPointExtension>
        </extensions>
    </trkpt>
    <trkpt lat="52.238464" lon="20.954718">
        <ele>108.1</ele>
        <time>2021-07-10T17:00:18.954000+00:00</time>
        <extensions>
        <ns2:TrackPointExtension>
        <ns2:Extensions>
            <surface>paving_stones</surface>
        </ns2:Extensions>
        </ns2:TrackPointExtension>
        </extensions>
    </trkpt>
    <trkpt lat="52.238388" lon="20.954698">
        <ele>108.1</ele>
        <time>2021-07-10T17:00:20.732000+00:00</time>
        <extensions>
        <ns2:TrackPointExtension>
        <ns2:Extensions>
            <surface>paving_stones</surface>
        </ns2:Extensions>
        </ns2:TrackPointExtension>
        </extensions>
    </trkpt>
    <trkpt lat="52.238391" lon="20.954487">
        <ele>107.9</ele>
        <time>2021-07-10T17:00:23.745000+00:00</time>
        <extensions>
        <ns2:TrackPointExtension>
        <ns2:Extensions>
            <surface>paving_stones</surface>
        </ns2:Extensions>
        </ns2:TrackPointExtension>
        </extensions>
    </trkpt>
    <trkpt lat="52.23833" lon="20.954392">
        <ele>107.9</ele>
        <time>2021-07-10T17:00:25.726000+00:00</time>
        <extensions>
        <ns2:TrackPointExtension>
        <ns2:Extensions>
            <surface>paving_stones</surface>
        </ns2:Extensions>
        </ns2:TrackPointExtension>
        </extensions>
    </trkpt>
    <trkpt lat="52.238431" lon="20.953181">
        <ele>108.2</ele>
        <time>2021-07-10T17:00:43.445000+00:00</time>
        <extensions>
        <ns2:TrackPointExtension>
        <ns2:Extensions>
            <surface>paving_stones</surface>
        </ns2:Extensions>
        </ns2:TrackPointExtension>
        </extensions>
    </trkpt>
    <trkpt lat="52.238406" lon="20.953104">
        <ele>108.2</ele>
        <time>2021-07-10T17:00:44.720000+00:00</time>
        <extensions>
        <ns2:TrackPointExtension>
        <ns2:Extensions>
            <surface>paving_stones</surface>
        </ns2:Extensions>
        </ns2:TrackPointExtension>
        </extensions>
    </trkpt>
    <trkpt lat="52.238444" lon="20.952678">
        <ele>108.6</ele>
        <time>2021-07-10T17:00:51.061000+00:00</time>
        <extensions>
        <ns2:TrackPointExtension>
        <ns2:Extensions>
            <surface>paving_stones</surface>
        </ns2:Extensions>
        </ns2:TrackPointExtension>
        </extensions>
    </trkpt>
    <trkpt lat="52.238474" lon="20.952595">
        <ele>108.6</ele>
        <time>2021-07-10T17:00:52.522000+00:00</time>
        <extensions>
        <ns2:TrackPointExtension>
        <ns2:Extensions>
            <surface>paving_stones</surface>
        </ns2:Extensions>
        </ns2:TrackPointExtension>
        </extensions>
    </trkpt>
    <trkpt lat="52.238513" lon="20.952496">
        <ele>108.8</ele>
        <time>2021-07-10T17:00:54.340000+00:00</time>
        <extensions>
        <ns2:TrackPointExtension>
        <ns2:Extensions>
            <surface>paving_stones</surface>
        </ns2:Extensions>
        </ns2:TrackPointExtension>
        </extensions>
    </trkpt>
    <trkpt lat="52.238502" lon="20.952268">
        <ele>108.8</ele>
        <time>2021-07-10T17:00:57.881000+00:00</time>
        <extensions>
        <ns2:TrackPointExtension>
        <ns2:Extensions>
            <surface>paving_stones</surface>
        </ns2:Extensions>
        </ns2:TrackPointExtension>
        </extensions>
    </trkpt>
    <trkpt lat="52.238623" lon="20.951018">
        <ele>108.8</ele>
        <time>2021-07-10T17:01:17.408000+00:00</time>
        <extensions>
        <ns2:TrackPointExtension>
        <ns2:Extensions>
            <surface>paving_stones</surface>
        </ns2:Extensions>
        </ns2:TrackPointExtension>
        </extensions>
    </trkpt>
    <trkpt lat="52.238691" lon="20.950599">
        <ele>109.4</ele>
        <time>2021-07-10T17:01:24.094000+00:00</time>
        <extensions>
        <ns2:TrackPointExtension>
        <ns2:Extensions>
            <surface>paving_stones</surface>
        </ns2:Extensions>
        </ns2:TrackPointExtension>
        </extensions>
    </trkpt>
    <trkpt lat="52.238691" lon="20.950356">
        <ele>109.5</ele>
        <time>2021-07-10T17:01:27.861000+00:00</time>
        <extensions>
        <ns2:TrackPointExtension>
        <ns2:Extensions>
            <surface>paving_stones</surface>
        </ns2:Extensions>
        </ns2:TrackPointExtension>
        </extensions>
    </trkpt>
    <trkpt lat="52.238849" lon="20.948697">
        <ele>111.0</ele>
        <time>2021-07-10T17:01:53.794000+00:00</time>
        <extensions>
        <ns2:TrackPointExtension>
        <ns2:Extensions>
            <surface>paving_stones</surface>
        </ns2:Extensions>
        </ns2:TrackPointExtension>
        </extensions>
    </trkpt>
    <trkpt lat="52.238878" lon="20.948495">
        <ele>111.2</ele>
        <time>2021-07-10T17:01:57.020000+00:00</time>
        <extensions>
        <ns2:TrackPointExtension>
        <ns2:Extensions>
            <surface>asphalt</surface>
        </ns2:Extensions>
        </ns2:TrackPointExtension>
        </extensions>
    </trkpt>
    <trkpt lat="52.238883" lon="20.948436">
        <ele>111.3</ele>
        <time>2021-07-10T17:01:58.019000+00:00</time>
        <extensions>
        <ns2:TrackPointExtension>
        <ns2:Extensions>
            <surface>paving_stones</surface>
        </ns2:Extensions>
        </ns2:TrackPointExtension>
        </extensions>
    </trkpt>
    <trkpt lat="52.238852" lon="20.948338">
        <ele>111.4</ele>
        <time>2021-07-10T17:01:59.916000+00:00</time>
        <extensions>
        <ns2:TrackPointExtension>
        <ns2:Extensions>
            <surface>paving_stones</surface>
        </ns2:Extensions>
        </ns2:TrackPointExtension>
        </extensions>
    </trkpt>
    <trkpt lat="52.238853" lon="20.948293">
        <ele>111.4</ele>
        <time>2021-07-10T17:02:00.774000+00:00</time>
        <extensions>
        <ns2:TrackPointExtension>
        <ns2:Extensions>
            <surface>paving_stones</surface>
        </ns2:Extensions>
        </ns2:TrackPointExtension>
        </extensions>
    </trkpt>
    <trkpt lat="52.23893" lon="20.947513">
        <ele>112.3</ele>
        <time>2021-07-10T17:02:15.283000+00:00</time>
        <extensions>
        <ns2:TrackPointExtension>
        <ns2:Extensions>
            <surface>asphalt</surface>
        </ns2:Extensions>
        </ns2:TrackPointExtension>
        </extensions>
    </trkpt>
    <trkpt lat="52.238951" lon="20.947326">
        <ele>112.4</ele>
        <time>2021-07-10T17:02:18.721000+00:00</time>
        <extensions>
        <ns2:TrackPointExtension>
        <ns2:Extensions>
            <surface>paving_stones</surface>
        </ns2:Extensions>
        </ns2:TrackPointExtension>
        </extensions>
    </trkpt>
    <trkpt lat="52.238988" lon="20.947205">
        <ele>112.5</ele>
        <time>2021-07-10T17:02:21.162000+00:00</time>
        <extensions>
        <ns2:TrackPointExtension>
        <ns2:Extensions>
            <surface>paving_stones</surface>
        </ns2:Extensions>
        </ns2:TrackPointExtension>
        </extensions>
    </trkpt>
    <trkpt lat="52.23901" lon="20.947025">
        <ele>112.6</ele>
        <time>2021-07-10T17:02:24.386000+00:00</time>
        <extensions>
        <ns2:TrackPointExtension>
        <ns2:Extensions>
            <surface>paving_stones</surface>
        </ns2:Extensions>
        </ns2:TrackPointExtension>
        </extensions>
    </trkpt>
    <trkpt lat="52.239052" lon="20.946745">
        <ele>112.9</ele>
        <time>2021-07-10T17:02:29.331000+00:00</time>
        <extensions>
        <ns2:TrackPointExtension>
        <ns2:Extensions>
            <surface>asphalt</surface>
        </ns2:Extensions>
        </ns2:TrackPointExtension>
        </extensions>
    </trkpt>
    <trkpt lat="52.239099" lon="20.946234">
        <ele>113.3</ele>
        <time>2021-07-10T17:02:38.019000+00:00</time>
        <extensions>
        <ns2:TrackPointExtension>
        <ns2:Extensions>
            <surface>asphalt</surface>
        </ns2:Extensions>
        </ns2:TrackPointExtension>
        </extensions>
    </trkpt>
    <trkpt lat="52.239164" lon="20.945847">
        <ele>113.6</ele>
        <time>2021-07-10T17:02:44.660000+00:00</time>
        <extensions>
        <ns2:TrackPointExtension>
        <ns2:Extensions>
            <surface>asphalt</surface>
        </ns2:Extensions>
        </ns2:TrackPointExtension>
        </extensions>
    </trkpt>
    <trkpt lat="52.239239" lon="20.945052">
        <ele>113.8</ele>
        <time>2021-07-10T17:02:57.785000+00:00</time>
        <extensions>
        <ns2:TrackPointExtension>
        <ns2:Extensions>
            <surface>asphalt</surface>
        </ns2:Extensions>
        </ns2:TrackPointExtension>
        </extensions>
    </trkpt>
    <trkpt lat="52.239214" lon="20.944947">
        <ele>113.8</ele>
        <time>2021-07-10T17:02:59.604000+00:00</time>
        <extensions>
        <ns2:TrackPointExtension>
        <ns2:Extensions>
            <surface>asphalt</surface>
        </ns2:Extensions>
        </ns2:TrackPointExtension>
        </extensions>
    </trkpt>
    <trkpt lat="52.23921" lon="20.944856">
        <ele>113.6</ele>
        <time>2021-07-10T17:03:01.061000+00:00</time>
        <extensions>
        <ns2:TrackPointExtension>
        <ns2:Extensions>
            <surface>asphalt</surface>
        </ns2:Extensions>
        </ns2:TrackPointExtension>
        </extensions>
    </trkpt>
    <trkpt lat="52.239401" lon="20.943101">
        <ele>112.3</ele>
        <time>2021-07-10T17:03:29.296000+00:00</time>
        <extensions>
        <ns2:TrackPointExtension>
        <ns2:Extensions>
            <surface>asphalt</surface>
        </ns2:Extensions>
        </ns2:TrackPointExtension>
        </extensions>
    </trkpt>
    <trkpt lat="52.239385" lon="20.942971">
        <ele>112.3</ele>
        <time>2021-07-10T17:03:31.375000+00:00</time>
        <extensions>
        <ns2:TrackPointExtension>
        <ns2:Extensions>
            <surface>asphalt</surface>
        </ns2:Extensions>
        </ns2:TrackPointExtension>
        </extensions>
    </trkpt>
    <trkpt lat="52.239407" lon="20.942645">
        <ele>112.5</ele>
        <time>2021-07-10T17:03:36.465000+00:00</time>
        <extensions>
        <ns2:TrackPointExtension>
        <ns2:Extensions>
            <surface>asphalt</surface>
        </ns2:Extensions>
        </ns2:TrackPointExtension>
        </extensions>
    </trkpt>
    <trkpt lat="52.239516" lon="20.941867">
        <ele>113.8</ele>
        <time>2021-07-10T17:03:48.763000+00:00</time>
        <extensions>
        <ns2:TrackPointExtension>
        <ns2:Extensions>
            <surface>asphalt</surface>
        </ns2:Extensions>
        </ns2:TrackPointExtension>
        </extensions>
    </trkpt>
    <trkpt lat="52.239533" lon="20.941477">
        <ele>113.4</ele>
        <time>2021-07-10T17:03:54.694000+00:00</time>
        <extensions>
        <ns2:TrackPointExtension>
        <ns2:Extensions>
            <surface>asphalt</surface>
        </ns2:Extensions>
        </ns2:TrackPointExtension>
        </extensions>
    </trkpt>
    <trkpt lat="52.23948" lon="20.941288">
        <ele>113.1</ele>
        <time>2021-07-10T17:03:57.753000+00:00</time>
        <extensions>
        <ns2:TrackPointExtension>
        <ns2:Extensions>
            <surface>asphalt</surface>
        </ns2:Extensions>
        </ns2:TrackPointExtension>
        </extensions>
    </trkpt>
    <trkpt lat="52.239615" lon="20.939847">
        <ele>112.6</ele>
        <time>2021-07-10T17:04:19.205000+00:00</time>
        <extensions>
        <ns2:TrackPointExtension>
        <ns2:Extensions>
            <surface>paving_stones</surface>
        </ns2:Extensions>
        </ns2:TrackPointExtension>
        </extensions>
    </trkpt>
    <trkpt lat="52.239731" lon="20.938594">
        <ele>112.4</ele>
        <time>2021-07-10T17:04:37.836000+00:00</time>
        <extensions>
        <ns2:TrackPointExtension>
        <ns2:Extensions>
            <surface>asphalt</surface>
        </ns2:Extensions>
        </ns2:TrackPointExtension>
        </extensions>
    </trkpt>
    <trkpt lat="52.239764" lon="20.938432">
        <ele>112.5</ele>
        <time>2021-07-10T17:04:40.293000+00:00</time>
        <extensions>
        <ns2:TrackPointExtension>
        <ns2:Extensions>
            <surface>asphalt</surface>
        </ns2:Extensions>
        </ns2:TrackPointExtension>
        </extensions>
    </trkpt>
    <trkpt lat="52.239811" lon="20.937928">
        <ele>112.0</ele>
        <time>2021-07-10T17:04:47.647000+00:00</time>
        <extensions>
        <ns2:TrackPointExtension>
        <ns2:Extensions>
            <surface>asphalt</surface>
        </ns2:Extensions>
        </ns2:TrackPointExtension>
        </extensions>
    </trkpt>
    <trkpt lat="52.239741" lon="20.937913">
        <ele>111.8</ele>
        <time>2021-07-10T17:04:49.223000+00:00</time>
        <extensions>
        <ns2:TrackPointExtension>
        <ns2:Extensions>
            <surface>asphalt</surface>
        </ns2:Extensions>
        </ns2:TrackPointExtension>
        </extensions>
    </trkpt>
    <trkpt lat="52.239961" lon="20.935581">
        <ele>110.8</ele>
        <time>2021-07-10T17:05:21.847000+00:00</time>
        <extensions>
        <ns2:TrackPointExtension>
        <ns2:Extensions>
            <surface>asphalt</surface>
        </ns2:Extensions>
        </ns2:TrackPointExtension>
        </extensions>
    </trkpt>
    <trkpt lat="52.240824" lon="20.935815">
        <ele>110.4</ele>
        <time>2021-07-10T17:05:41.740000+00:00</time>
    </trkpt>
    <trkpt lat="52.241516" lon="20.936038">
        <ele>110.1</ele>
        <time>2021-07-10T17:05:57.874000+00:00</time>
    </trkpt>
    <trkpt lat="52.241524" lon="20.935696">
        <ele>109.9</ele>
        <time>2021-07-10T17:06:02.621000+00:00</time>
    </trkpt>
    <trkpt lat="52.241467" lon="20.935356">
        <ele>109.8</ele>
        <time>2021-07-10T17:06:07.475000+00:00</time>
    </trkpt>
    <trkpt lat="52.241248" lon="20.933422">
        <ele>110.7</ele>
        <time>2021-07-10T17:06:34.831000+00:00</time>
        <extensions>
        <ns2:TrackPointExtension>
        <ns2:Extensions>
            <surface>asphalt</surface>
        </ns2:Extensions>
        </ns2:TrackPointExtension>
        </extensions>
    </trkpt>
    <trkpt lat="52.241056" lon="20.931886">
        <ele>108.8</ele>
        <time>2021-07-10T17:06:56.812000+00:00</time>
        <extensions>
        <ns2:TrackPointExtension>
        <ns2:Extensions>
            <surface>asphalt</surface>
        </ns2:Extensions>
        </ns2:TrackPointExtension>
        </extensions>
    </trkpt>
    <trkpt lat="52.24106" lon="20.931686">
        <ele>108.6</ele>
        <time>2021-07-10T17:06:59.559000+00:00</time>
        <extensions>
        <ns2:TrackPointExtension>
        <ns2:Extensions>
            <surface>asphalt</surface>
        </ns2:Extensions>
        </ns2:TrackPointExtension>
        </extensions>
    </trkpt>
    <trkpt lat="52.241143" lon="20.930805">
        <ele>108.1</ele>
        <time>2021-07-10T17:07:11.933000+00:00</time>
        <extensions>
        <ns2:TrackPointExtension>
        <ns2:Extensions>
            <surface>asphalt</surface>
        </ns2:Extensions>
        </ns2:TrackPointExtension>
        </extensions>
    </trkpt>
    <trkpt lat="52.240847" lon="20.930729">
        <ele>108.7</ele>
        <time>2021-07-10T17:07:18.786000+00:00</time>
        <extensions>
        <ns2:TrackPointExtension>
        <ns2:Extensions>
            <surface>paving_stones</surface>
        </ns2:Extensions>
        </ns2:TrackPointExtension>
        </extensions>
    </trkpt>
    <trkpt lat="52.240944" lon="20.929932">
        <ele>108.2</ele>
        <time>2021-07-10T17:07:30.276000+00:00</time>
        <extensions>
        <ns2:TrackPointExtension>
        <ns2:Extensions>
            <surface>paving_stones</surface>
        </ns2:Extensions>
        </ns2:TrackPointExtension>
        </extensions>
    </trkpt>
    <trkpt lat="52.240982" lon="20.929588">
        <ele>108.1</ele>
        <time>2021-07-10T17:07:35.256000+00:00</time>
        <extensions>
        <ns2:TrackPointExtension>
        <ns2:Extensions>
            <surface>paving_stones</surface>
        </ns2:Extensions>
        </ns2:TrackPointExtension>
        </extensions>
    </trkpt>
    <trkpt lat="52.240782" lon="20.929461">
        <ele>108.1</ele>
        <time>2021-07-10T17:07:40.287000+00:00</time>
        <extensions>
        <ns2:TrackPointExtension>
        <ns2:Extensions>
            <surface>paving_stones</surface>
        </ns2:Extensions>
        </ns2:TrackPointExtension>
        </extensions>
    </trkpt>
    <trkpt lat="52.240702" lon="20.929382">
        <ele>108.0</ele>
        <time>2021-07-10T17:07:42.467000+00:00</time>
        <extensions>
        <ns2:TrackPointExtension>
        <ns2:Extensions>
            <surface>paving_stones</surface>
        </ns2:Extensions>
        </ns2:TrackPointExtension>
        </extensions>
    </trkpt>
    <trkpt lat="52.240717" lon="20.929246">
        <ele>108.0</ele>
        <time>2021-07-10T17:07:44.459000+00:00</time>
        <extensions>
        <ns2:TrackPointExtension>
        <ns2:Extensions>
            <surface>asphalt</surface>
        </ns2:Extensions>
        </ns2:TrackPointExtension>
        </extensions>
    </trkpt>
    <trkpt lat="52.24068" lon="20.929114">
        <ele>109.1</ele>
        <time>2021-07-10T17:07:46.579000+00:00</time>
        <extensions>
        <ns2:TrackPointExtension>
        <ns2:Extensions>
            <surface>asphalt</surface>
        </ns2:Extensions>
        </ns2:TrackPointExtension>
        </extensions>
    </trkpt>
    <trkpt lat="52.2408" lon="20.927854">
        <ele>109.3</ele>
        <time>2021-07-10T17:08:05.302000+00:00</time>
        <extensions>
        <ns2:TrackPointExtension>
        <ns2:Extensions>
            <surface>asphalt</surface>
        </ns2:Extensions>
        </ns2:TrackPointExtension>
        </extensions>
    </trkpt>
    <trkpt lat="52.24083" lon="20.927233">
        <ele>109.3</ele>
        <time>2021-07-10T17:08:14.488000+00:00</time>
        <extensions>
        <ns2:TrackPointExtension>
        <ns2:Extensions>
            <surface>asphalt</surface>
        </ns2:Extensions>
        </ns2:TrackPointExtension>
        </extensions>
    </trkpt>
    <trkpt lat="52.24083" lon="20.926657">
        <ele>109.4</ele>
        <time>2021-07-10T17:08:23.014000+00:00</time>
        <extensions>
        <ns2:TrackPointExtension>
        <ns2:Extensions>
            <surface>asphalt</surface>
        </ns2:Extensions>
        </ns2:TrackPointExtension>
        </extensions>
    </trkpt>
    <trkpt lat="52.240807" lon="20.926185">
        <ele>109.6</ele>
        <time>2021-07-10T17:08:30.045000+00:00</time>
        <extensions>
        <ns2:TrackPointExtension>
        <ns2:Extensions>
            <surface>asphalt</surface>
        </ns2:Extensions>
        </ns2:TrackPointExtension>
        </extensions>
    </trkpt>
    <trkpt lat="52.240745" lon="20.925503">
        <ele>109.5</ele>
        <time>2021-07-10T17:08:40.311000+00:00</time>
        <extensions>
        <ns2:TrackPointExtension>
        <ns2:Extensions>
            <surface>concrete</surface>
        </ns2:Extensions>
        </ns2:TrackPointExtension>
        </extensions>
    </trkpt>
    <trkpt lat="52.24067" lon="20.924913">
        <ele>109.9</ele>
        <time>2021-07-10T17:08:49.303000+00:00</time>
        <extensions>
        <ns2:TrackPointExtension>
        <ns2:Extensions>
            <surface>concrete</surface>
        </ns2:Extensions>
        </ns2:TrackPointExtension>
        </extensions>
    </trkpt>
    <trkpt lat="52.240531" lon="20.92389">
        <ele>110.8</ele>
        <time>2021-07-10T17:09:04.969000+00:00</time>
        <extensions>
        <ns2:TrackPointExtension>
        <ns2:Extensions>
            <surface>paving_stones</surface>
        </ns2:Extensions>
        </ns2:TrackPointExtension>
        </extensions>
    </trkpt>
    <trkpt lat="52.240522" lon="20.923718">
        <ele>110.8</ele>
        <time>2021-07-10T17:09:07.555000+00:00</time>
        <extensions>
        <ns2:TrackPointExtension>
        <ns2:Extensions>
            <surface>paving_stones</surface>
        </ns2:Extensions>
        </ns2:TrackPointExtension>
        </extensions>
    </trkpt>
    <trkpt lat="52.240667" lon="20.923658">
        <ele>110.7</ele>
        <time>2021-07-10T17:09:11.221000+00:00</time>
        <extensions>
        <ns2:TrackPointExtension>
        <ns2:Extensions>
            <surface>paving_stones</surface>
        </ns2:Extensions>
        </ns2:TrackPointExtension>
        </extensions>
    </trkpt>
    <trkpt lat="52.240832" lon="20.924753">
        <ele>110.1</ele>
        <time>2021-07-10T17:09:28.162000+00:00</time>
        <extensions>
        <ns2:TrackPointExtension>
        <ns2:Extensions>
            <surface>ground</surface>
        </ns2:Extensions>
        </ns2:TrackPointExtension>
        </extensions>
    </trkpt>
    <trkpt lat="52.240835" lon="20.924994">
        <ele>110.0</ele>
        <time>2021-07-10T17:09:31.788000+00:00</time>
        <extensions>
        <ns2:TrackPointExtension>
        <ns2:Extensions>
            <surface>ground</surface>
        </ns2:Extensions>
        </ns2:TrackPointExtension>
        </extensions>
    </trkpt>
    <trkpt lat="52.240811" lon="20.925002">
        <ele>109.9</ele>
        <time>2021-07-10T17:09:32.403000+00:00</time>
        <extensions>
        <ns2:TrackPointExtension>
        <ns2:Extensions>
            <surface>ground</surface>
        </ns2:Extensions>
        </ns2:TrackPointExtension>
        </extensions>
    </trkpt>
    <trkpt lat="52.240811" lon="20.925002">
        <ele>109.9</ele>
        <time>2021-07-10T17:09:32.403000+00:00</time>
        <extensions>
        <ns2:TrackPointExtension>
        <ns2:Extensions>
            <surface>ground</surface>
        </ns2:Extensions>
        </ns2:TrackPointExtension>
        </extensions>
    </trkpt>
    <trkpt lat="52.240835" lon="20.924994">
        <ele>110.0</ele>
        <time>2021-07-10T17:09:33.048000+00:00</time>
        <extensions>
        <ns2:TrackPointExtension>
        <ns2:Extensions>
            <surface>ground</surface>
        </ns2:Extensions>
        </ns2:TrackPointExtension>
        </extensions>
    </trkpt>
    <trkpt lat="52.240832" lon="20.924753">
        <ele>110.1</ele>
        <time>2021-07-10T17:09:36.917000+00:00</time>
        <extensions>
        <ns2:TrackPointExtension>
        <ns2:Extensions>
            <surface>ground</surface>
        </ns2:Extensions>
        </ns2:TrackPointExtension>
        </extensions>
    </trkpt>
    <trkpt lat="52.240762" lon="20.924269">
        <ele>110.5</ele>
        <time>2021-07-10T17:09:44.830000+00:00</time>
        <extensions>
        <ns2:TrackPointExtension>
        <ns2:Extensions>
            <surface>ground</surface>
        </ns2:Extensions>
        </ns2:TrackPointExtension>
        </extensions>
    </trkpt>
    <trkpt lat="52.240667" lon="20.923658">
        <ele>110.7</ele>
        <time>2021-07-10T17:09:54.758000+00:00</time>
        <extensions>
        <ns2:TrackPointExtension>
        <ns2:Extensions>
            <surface>ground</surface>
        </ns2:Extensions>
        </ns2:TrackPointExtension>
        </extensions>
    </trkpt>
    <trkpt lat="52.240522" lon="20.923718">
        <ele>110.8</ele>
        <time>2021-07-10T17:09:58.567000+00:00</time>
        <extensions>
        <ns2:TrackPointExtension>
        <ns2:Extensions>
            <surface>paving_stones</surface>
        </ns2:Extensions>
        </ns2:TrackPointExtension>
        </extensions>
    </trkpt>
    <trkpt lat="52.240531" lon="20.92389">
        <ele>110.8</ele>
        <time>2021-07-10T17:10:01.231000+00:00</time>
        <extensions>
        <ns2:TrackPointExtension>
        <ns2:Extensions>
            <surface>paving_stones</surface>
        </ns2:Extensions>
        </ns2:TrackPointExtension>
        </extensions>
    </trkpt>
    <trkpt lat="52.240465" lon="20.923392">
        <ele>111.1</ele>
        <time>2021-07-10T17:10:09.057000+00:00</time>
        <extensions>
        <ns2:TrackPointExtension>
        <ns2:Extensions>
            <surface>paving_stones</surface>
        </ns2:Extensions>
        </ns2:TrackPointExtension>
        </extensions>
    </trkpt>
    <trkpt lat="52.240462" lon="20.923263">
        <ele>112.0</ele>
        <time>2021-07-10T17:10:11.007000+00:00</time>
        <extensions>
        <ns2:TrackPointExtension>
        <ns2:Extensions>
            <surface>paving_stones</surface>
        </ns2:Extensions>
        </ns2:TrackPointExtension>
        </extensions>
    </trkpt>
    <trkpt lat="52.240239" lon="20.921439">
        <ele>113.5</ele>
        <time>2021-07-10T17:10:39.093000+00:00</time>
        <extensions>
        <ns2:TrackPointExtension>
        <ns2:Extensions>
            <surface>paving_stones</surface>
        </ns2:Extensions>
        </ns2:TrackPointExtension>
        </extensions>
    </trkpt>
    <trkpt lat="52.240186" lon="20.921126">
        <ele>113.2</ele>
        <time>2021-07-10T17:10:43.953000+00:00</time>
        <extensions>
        <ns2:TrackPointExtension>
        <ns2:Extensions>
            <surface>paving_stones</surface>
        </ns2:Extensions>
        </ns2:TrackPointExtension>
        </extensions>
    </trkpt>
    <trkpt lat="52.239857" lon="20.918478">
        <ele>109.8</ele>
        <time>2021-07-10T17:11:24.392000+00:00</time>
        <extensions>
        <ns2:TrackPointExtension>
        <ns2:Extensions>
            <surface>paving_stones</surface>
        </ns2:Extensions>
        </ns2:TrackPointExtension>
        </extensions>
    </trkpt>
    <trkpt lat="52.239852" lon="20.918231">
        <ele>109.6</ele>
        <time>2021-07-10T17:11:28.033000+00:00</time>
        <extensions>
        <ns2:TrackPointExtension>
        <ns2:Extensions>
            <surface>paving_stones</surface>
        </ns2:Extensions>
        </ns2:TrackPointExtension>
        </extensions>
    </trkpt>
    <trkpt lat="52.239831" lon="20.918054">
        <ele>109.5</ele>
        <time>2021-07-10T17:11:30.632000+00:00</time>
        <extensions>
        <ns2:TrackPointExtension>
        <ns2:Extensions>
            <surface>asphalt</surface>
        </ns2:Extensions>
        </ns2:TrackPointExtension>
        </extensions>
    </trkpt>
    <trkpt lat="52.239823" lon="20.917978">
        <ele>109.4</ele>
        <time>2021-07-10T17:11:31.679000+00:00</time>
        <extensions>
        <ns2:TrackPointExtension>
        <ns2:Extensions>
            <surface>paving_stones</surface>
        </ns2:Extensions>
        </ns2:TrackPointExtension>
        </extensions>
    </trkpt>
    <trkpt lat="52.239754" lon="20.9175">
        <ele>108.9</ele>
        <time>2021-07-10T17:11:38.386000+00:00</time>
        <extensions>
        <ns2:TrackPointExtension>
        <ns2:Extensions>
            <surface>paving_stones</surface>
        </ns2:Extensions>
        </ns2:TrackPointExtension>
        </extensions>
    </trkpt>
    <trkpt lat="52.239774" lon="20.917365">
        <ele>108.8</ele>
        <time>2021-07-10T17:11:40.206000+00:00</time>
        <extensions>
        <ns2:TrackPointExtension>
        <ns2:Extensions>
            <surface>concrete</surface>
        </ns2:Extensions>
        </ns2:TrackPointExtension>
        </extensions>
    </trkpt>
    <trkpt lat="52.239727" lon="20.916958">
        <ele>108.3</ele>
        <time>2021-07-10T17:11:45.624000+00:00</time>
        <extensions>
        <ns2:TrackPointExtension>
        <ns2:Extensions>
            <surface>concrete</surface>
        </ns2:Extensions>
        </ns2:TrackPointExtension>
        </extensions>
    </trkpt>
    <trkpt lat="52.239706" lon="20.916555">
        <ele>108.2</ele>
        <time>2021-07-10T17:11:50.891000+00:00</time>
        <extensions>
        <ns2:TrackPointExtension>
        <ns2:Extensions>
            <surface>concrete</surface>
        </ns2:Extensions>
        </ns2:TrackPointExtension>
        </extensions>
    </trkpt>
    <trkpt lat="52.239652" lon="20.916136">
        <ele>108.2</ele>
        <time>2021-07-10T17:11:56.520000+00:00</time>
        <extensions>
        <ns2:TrackPointExtension>
        <ns2:Extensions>
            <surface>concrete</surface>
        </ns2:Extensions>
        </ns2:TrackPointExtension>
        </extensions>
    </trkpt>
    <trkpt lat="52.239595" lon="20.915999">
        <ele>108.2</ele>
        <time>2021-07-10T17:11:58.675000+00:00</time>
        <extensions>
        <ns2:TrackPointExtension>
        <ns2:Extensions>
            <surface>concrete</surface>
        </ns2:Extensions>
        </ns2:TrackPointExtension>
        </extensions>
    </trkpt>
    <trkpt lat="52.239583" lon="20.915923">
        <ele>108.1</ele>
        <time>2021-07-10T17:11:59.649000+00:00</time>
        <extensions>
        <ns2:TrackPointExtension>
        <ns2:Extensions>
            <surface>concrete</surface>
        </ns2:Extensions>
        </ns2:TrackPointExtension>
        </extensions>
    </trkpt>
    <trkpt lat="52.239529" lon="20.915309">
        <ele>107.7</ele>
        <time>2021-07-10T17:12:07.511000+00:00</time>
        <extensions>
        <ns2:TrackPointExtension>
        <ns2:Extensions>
            <surface>concrete</surface>
        </ns2:Extensions>
        </ns2:TrackPointExtension>
        </extensions>
    </trkpt>
    <trkpt lat="52.239575" lon="20.914954">
        <ele>107.6</ele>
        <time>2021-07-10T17:12:12.177000+00:00</time>
        <extensions>
        <ns2:TrackPointExtension>
        <ns2:Extensions>
            <surface>concrete</surface>
        </ns2:Extensions>
        </ns2:TrackPointExtension>
        </extensions>
    </trkpt>
    <trkpt lat="52.239608" lon="20.914397">
        <ele>107.6</ele>
        <time>2021-07-10T17:12:19.496000+00:00</time>
        <extensions>
        <ns2:TrackPointExtension>
        <ns2:Extensions>
            <surface>concrete</surface>
        </ns2:Extensions>
        </ns2:TrackPointExtension>
        </extensions>
    </trkpt>
    <trkpt lat="52.239582" lon="20.913942">
        <ele>106.7</ele>
        <time>2021-07-10T17:12:25.555000+00:00</time>
        <extensions>
        <ns2:TrackPointExtension>
        <ns2:Extensions>
            <surface>concrete</surface>
        </ns2:Extensions>
        </ns2:TrackPointExtension>
        </extensions>
    </trkpt>
    <trkpt lat="52.239557" lon="20.9139">
        <ele>106.5</ele>
        <time>2021-07-10T17:12:26.300000+00:00</time>
        <extensions>
        <ns2:TrackPointExtension>
        <ns2:Extensions>
            <surface>concrete</surface>
        </ns2:Extensions>
        </ns2:TrackPointExtension>
        </extensions>
    </trkpt>
    <trkpt lat="52.239551" lon="20.913827">
        <ele>106.5</ele>
        <time>2021-07-10T17:12:27.226000+00:00</time>
        <extensions>
        <ns2:TrackPointExtension>
        <ns2:Extensions>
            <surface>concrete</surface>
        </ns2:Extensions>
        </ns2:TrackPointExtension>
        </extensions>
    </trkpt>
    <trkpt lat="52.239533" lon="20.913787">
        <ele>106.5</ele>
        <time>2021-07-10T17:12:27.843000+00:00</time>
        <extensions>
        <ns2:TrackPointExtension>
        <ns2:Extensions>
            <surface>concrete</surface>
        </ns2:Extensions>
        </ns2:TrackPointExtension>
        </extensions>
    </trkpt>
    <trkpt lat="52.239442" lon="20.913796">
        <ele>106.5</ele>
        <time>2021-07-10T17:12:29.746000+00:00</time>
        <extensions>
        <ns2:TrackPointExtension>
        <ns2:Extensions>
            <surface>concrete</surface>
        </ns2:Extensions>
        </ns2:TrackPointExtension>
        </extensions>
    </trkpt>
    <trkpt lat="52.239416" lon="20.913421">
        <ele>106.3</ele>
        <time>2021-07-10T17:12:34.686000+00:00</time>
        <extensions>
        <ns2:TrackPointExtension>
        <ns2:Extensions>
            <surface>concrete</surface>
        </ns2:Extensions>
        </ns2:TrackPointExtension>
        </extensions>
    </trkpt>
    <trkpt lat="52.239357" lon="20.912761">
        <ele>106.6</ele>
        <time>2021-07-10T17:12:43.595000+00:00</time>
        <extensions>
        <ns2:TrackPointExtension>
        <ns2:Extensions>
            <surface>asphalt</surface>
        </ns2:Extensions>
        </ns2:TrackPointExtension>
        </extensions>
    </trkpt>
    <trkpt lat="52.239754" lon="20.912682">
        <ele>106.3</ele>
        <time>2021-07-10T17:12:52.473000+00:00</time>
        <extensions>
        <ns2:TrackPointExtension>
        <ns2:Extensions>
            <surface>concrete</surface>
        </ns2:Extensions>
        </ns2:TrackPointExtension>
        </extensions>
    </trkpt>
    <trkpt lat="52.239739" lon="20.912523">
        <ele>106.2</ele>
        <time>2021-07-10T17:12:54.708000+00:00</time>
        <extensions>
        <ns2:TrackPointExtension>
        <ns2:Extensions>
            <surface>concrete</surface>
        </ns2:Extensions>
        </ns2:TrackPointExtension>
        </extensions>
    </trkpt>
    <trkpt lat="52.239401" lon="20.912265">
        <ele>106.5</ele>
        <time>2021-07-10T17:13:03.282000+00:00</time>
        <extensions>
        <ns2:TrackPointExtension>
        <ns2:Extensions>
            <surface>concrete</surface>
        </ns2:Extensions>
        </ns2:TrackPointExtension>
        </extensions>
    </trkpt>
    <trkpt lat="52.239398" lon="20.912029">
        <ele>107.0</ele>
        <time>2021-07-10T17:13:06.650000+00:00</time>
        <extensions>
        <ns2:TrackPointExtension>
        <ns2:Extensions>
            <surface>concrete</surface>
        </ns2:Extensions>
        </ns2:TrackPointExtension>
        </extensions>
    </trkpt>
    <trkpt lat="52.23919" lon="20.911016">
        <ele>108.2</ele>
        <time>2021-07-10T17:13:22.025000+00:00</time>
        <extensions>
        <ns2:TrackPointExtension>
        <ns2:Extensions>
            <surface>concrete</surface>
        </ns2:Extensions>
        </ns2:TrackPointExtension>
        </extensions>
    </trkpt>
    <trkpt lat="52.239163" lon="20.910962">
        <ele>108.4</ele>
        <time>2021-07-10T17:13:23.039000+00:00</time>
        <extensions>
        <ns2:TrackPointExtension>
        <ns2:Extensions>
            <surface>concrete</surface>
        </ns2:Extensions>
        </ns2:TrackPointExtension>
        </extensions>
    </trkpt>
    <trkpt lat="52.239079" lon="20.909201">
        <ele>109.2</ele>
        <time>2021-07-10T17:13:48.875000+00:00</time>
        <extensions>
        <ns2:TrackPointExtension>
        <ns2:Extensions>
            <surface>asphalt</surface>
        </ns2:Extensions>
        </ns2:TrackPointExtension>
        </extensions>
    </trkpt>
    <trkpt lat="52.239043" lon="20.908852">
        <ele>109.4</ele>
        <time>2021-07-10T17:13:54.075000+00:00</time>
        <extensions>
        <ns2:TrackPointExtension>
        <ns2:Extensions>
            <surface>asphalt</surface>
        </ns2:Extensions>
        </ns2:TrackPointExtension>
        </extensions>
    </trkpt>
    <trkpt lat="52.239028" lon="20.908089">
        <ele>109.4</ele>
        <time>2021-07-10T17:14:05.339000+00:00</time>
        <extensions>
        <ns2:TrackPointExtension>
        <ns2:Extensions>
            <surface>asphalt</surface>
        </ns2:Extensions>
        </ns2:TrackPointExtension>
        </extensions>
    </trkpt>
    <trkpt lat="52.239046" lon="20.907546">
        <ele>109.3</ele>
        <time>2021-07-10T17:14:13.393000+00:00</time>
        <extensions>
        <ns2:TrackPointExtension>
        <ns2:Extensions>
            <surface>asphalt</surface>
        </ns2:Extensions>
        </ns2:TrackPointExtension>
        </extensions>
    </trkpt>
    <trkpt lat="52.23911" lon="20.906723">
        <ele>109.3</ele>
        <time>2021-07-10T17:14:25.715000+00:00</time>
        <extensions>
        <ns2:TrackPointExtension>
        <ns2:Extensions>
            <surface>asphalt</surface>
        </ns2:Extensions>
        </ns2:TrackPointExtension>
        </extensions>
    </trkpt>
    <trkpt lat="52.239144" lon="20.906537">
        <ele>108.5</ele>
        <time>2021-07-10T17:14:28.601000+00:00</time>
        <extensions>
        <ns2:TrackPointExtension>
        <ns2:Extensions>
            <surface>asphalt</surface>
        </ns2:Extensions>
        </ns2:TrackPointExtension>
        </extensions>
    </trkpt>
    <trkpt lat="52.239287" lon="20.904459">
        <ele>107.3</ele>
        <time>2021-07-10T17:14:59.724000+00:00</time>
        <extensions>
        <ns2:TrackPointExtension>
        <ns2:Extensions>
            <surface>asphalt</surface>
        </ns2:Extensions>
        </ns2:TrackPointExtension>
        </extensions>
    </trkpt>
    <trkpt lat="52.23934" lon="20.903796">
        <ele>107.0</ele>
        <time>2021-07-10T17:15:09.650000+00:00</time>
        <extensions>
        <ns2:TrackPointExtension>
        <ns2:Extensions>
            <surface>asphalt</surface>
        </ns2:Extensions>
        </ns2:TrackPointExtension>
        </extensions>
    </trkpt>
    <trkpt lat="52.239368" lon="20.903618">
        <ele>106.8</ele>
        <time>2021-07-10T17:15:12.351000+00:00</time>
        <extensions>
        <ns2:TrackPointExtension>
        <ns2:Extensions>
            <surface>asphalt</surface>
        </ns2:Extensions>
        </ns2:TrackPointExtension>
        </extensions>
    </trkpt>
    <trkpt lat="52.239455" lon="20.902289">
        <ele>107.8</ele>
        <time>2021-07-10T17:15:32.038000+00:00</time>
        <extensions>
        <ns2:TrackPointExtension>
        <ns2:Extensions>
            <surface>asphalt</surface>
        </ns2:Extensions>
        </ns2:TrackPointExtension>
        </extensions>
    </trkpt>
    <trkpt lat="52.239433" lon="20.902204">
        <ele>108.4</ele>
        <time>2021-07-10T17:15:33.365000+00:00</time>
        <extensions>
        <ns2:TrackPointExtension>
        <ns2:Extensions>
            <surface>asphalt</surface>
        </ns2:Extensions>
        </ns2:TrackPointExtension>
        </extensions>
    </trkpt>
    <trkpt lat="52.239568" lon="20.900293">
        <ele>106.9</ele>
        <time>2021-07-10T17:16:01.196000+00:00</time>
        <extensions>
        <ns2:TrackPointExtension>
        <ns2:Extensions>
            <surface>asphalt</surface>
        </ns2:Extensions>
        </ns2:TrackPointExtension>
        </extensions>
    </trkpt>
    <trkpt lat="52.239613" lon="20.89995">
        <ele>106.9</ele>
        <time>2021-07-10T17:16:06.254000+00:00</time>
        <extensions>
        <ns2:TrackPointExtension>
        <ns2:Extensions>
            <surface>asphalt</surface>
        </ns2:Extensions>
        </ns2:TrackPointExtension>
        </extensions>
    </trkpt>
    <trkpt lat="52.239637" lon="20.898718">
        <ele>106.4</ele>
        <time>2021-07-10T17:16:24.120000+00:00</time>
        <extensions>
        <ns2:TrackPointExtension>
        <ns2:Extensions>
            <surface>asphalt</surface>
        </ns2:Extensions>
        </ns2:TrackPointExtension>
        </extensions>
    </trkpt>
    <trkpt lat="52.239659" lon="20.898323">
        <ele>106.5</ele>
        <time>2021-07-10T17:16:29.899000+00:00</time>
        <extensions>
        <ns2:TrackPointExtension>
        <ns2:Extensions>
            <surface>asphalt</surface>
        </ns2:Extensions>
        </ns2:TrackPointExtension>
        </extensions>
    </trkpt>
    <trkpt lat="52.23982" lon="20.897007">
        <ele>107.8</ele>
        <time>2021-07-10T17:16:49.558000+00:00</time>
        <extensions>
        <ns2:TrackPointExtension>
        <ns2:Extensions>
            <surface>asphalt</surface>
        </ns2:Extensions>
        </ns2:TrackPointExtension>
        </extensions>
    </trkpt>
    <trkpt lat="52.239855" lon="20.896947">
        <ele>107.9</ele>
        <time>2021-07-10T17:16:50.775000+00:00</time>
        <extensions>
        <ns2:TrackPointExtension>
        <ns2:Extensions>
            <surface>asphalt</surface>
        </ns2:Extensions>
        </ns2:TrackPointExtension>
        </extensions>
    </trkpt>
    <trkpt lat="52.239874" lon="20.896866">
        <ele>107.9</ele>
        <time>2021-07-10T17:16:52.033000+00:00</time>
        <extensions>
        <ns2:TrackPointExtension>
        <ns2:Extensions>
            <surface>asphalt</surface>
        </ns2:Extensions>
        </ns2:TrackPointExtension>
        </extensions>
    </trkpt>
    <trkpt lat="52.239902" lon="20.896225">
        <ele>107.3</ele>
        <time>2021-07-10T17:17:01.373000+00:00</time>
        <extensions>
        <ns2:TrackPointExtension>
        <ns2:Extensions>
            <surface>asphalt</surface>
        </ns2:Extensions>
        </ns2:TrackPointExtension>
        </extensions>
    </trkpt>
    <trkpt lat="52.239894" lon="20.896188">
        <ele>107.2</ele>
        <time>2021-07-10T17:17:01.941000+00:00</time>
        <extensions>
        <ns2:TrackPointExtension>
        <ns2:Extensions>
            <surface>asphalt</surface>
        </ns2:Extensions>
        </ns2:TrackPointExtension>
        </extensions>
    </trkpt>
    <trkpt lat="52.239816" lon="20.896111">
        <ele>107.2</ele>
        <time>2021-07-10T17:17:04.111000+00:00</time>
        <extensions>
        <ns2:TrackPointExtension>
        <ns2:Extensions>
            <surface>asphalt</surface>
        </ns2:Extensions>
        </ns2:TrackPointExtension>
        </extensions>
    </trkpt>
    <trkpt lat="52.239702" lon="20.896117">
        <ele>107.2</ele>
        <time>2021-07-10T17:17:06.842000+00:00</time>
        <extensions>
        <ns2:TrackPointExtension>
        <ns2:Extensions>
            <surface>asphalt</surface>
        </ns2:Extensions>
        </ns2:TrackPointExtension>
        </extensions>
    </trkpt>
    <trkpt lat="52.239433" lon="20.896064">
        <ele>107.1</ele>
        <time>2021-07-10T17:17:13.360000+00:00</time>
        <extensions>
        <ns2:TrackPointExtension>
        <ns2:Extensions>
            <surface>asphalt</surface>
        </ns2:Extensions>
        </ns2:TrackPointExtension>
        </extensions>
    </trkpt>
    <trkpt lat="52.239492" lon="20.89575">
        <ele>106.7</ele>
        <time>2021-07-10T17:17:18.203000+00:00</time>
        <extensions>
        <ns2:TrackPointExtension>
        <ns2:Extensions>
            <surface>asphalt</surface>
        </ns2:Extensions>
        </ns2:TrackPointExtension>
        </extensions>
    </trkpt>
    <trkpt lat="52.239255" lon="20.89571">
        <ele>106.8</ele>
        <time>2021-07-10T17:17:23.947000+00:00</time>
        <extensions>
        <ns2:TrackPointExtension>
        <ns2:Extensions>
            <surface>paving_stones</surface>
        </ns2:Extensions>
        </ns2:TrackPointExtension>
        </extensions>
    </trkpt>
    <trkpt lat="52.239255" lon="20.89571">
        <ele>106.8</ele>
        <time>2021-07-10T17:17:23.947000+00:00</time>
        <extensions>
        <ns2:TrackPointExtension>
        <ns2:Extensions>
            <surface>paving_stones</surface>
        </ns2:Extensions>
        </ns2:TrackPointExtension>
        </extensions>
    </trkpt>
    <trkpt lat="52.239492" lon="20.89575">
        <ele>106.7</ele>
        <time>2021-07-10T17:17:29.725000+00:00</time>
        <extensions>
        <ns2:TrackPointExtension>
        <ns2:Extensions>
            <surface>paving_stones</surface>
        </ns2:Extensions>
        </ns2:TrackPointExtension>
        </extensions>
    </trkpt>
    <trkpt lat="52.239433" lon="20.896064">
        <ele>107.1</ele>
        <time>2021-07-10T17:17:34.594000+00:00</time>
        <extensions>
        <ns2:TrackPointExtension>
        <ns2:Extensions>
            <surface>asphalt</surface>
        </ns2:Extensions>
        </ns2:TrackPointExtension>
        </extensions>
    </trkpt>
    <trkpt lat="52.239702" lon="20.896117">
        <ele>107.2</ele>
        <time>2021-07-10T17:17:41.144000+00:00</time>
        <extensions>
        <ns2:TrackPointExtension>
        <ns2:Extensions>
            <surface>asphalt</surface>
        </ns2:Extensions>
        </ns2:TrackPointExtension>
        </extensions>
    </trkpt>
    <trkpt lat="52.239816" lon="20.896111">
        <ele>107.2</ele>
        <time>2021-07-10T17:17:43.855000+00:00</time>
        <extensions>
        <ns2:TrackPointExtension>
        <ns2:Extensions>
            <surface>asphalt</surface>
        </ns2:Extensions>
        </ns2:TrackPointExtension>
        </extensions>
    </trkpt>
    <trkpt lat="52.239894" lon="20.896188">
        <ele>107.2</ele>
        <time>2021-07-10T17:17:45.997000+00:00</time>
        <extensions>
        <ns2:TrackPointExtension>
        <ns2:Extensions>
            <surface>asphalt</surface>
        </ns2:Extensions>
        </ns2:TrackPointExtension>
        </extensions>
    </trkpt>
    <trkpt lat="52.239902" lon="20.896225">
        <ele>107.3</ele>
        <time>2021-07-10T17:17:46.561000+00:00</time>
        <extensions>
        <ns2:TrackPointExtension>
        <ns2:Extensions>
            <surface>asphalt</surface>
        </ns2:Extensions>
        </ns2:TrackPointExtension>
        </extensions>
    </trkpt>
    <trkpt lat="52.239874" lon="20.89682">
        <ele>108.0</ele>
        <time>2021-07-10T17:17:55.195000+00:00</time>
        <extensions>
        <ns2:TrackPointExtension>
        <ns2:Extensions>
            <surface>asphalt</surface>
        </ns2:Extensions>
        </ns2:TrackPointExtension>
        </extensions>
    </trkpt>
    <trkpt lat="52.240186" lon="20.896847">
        <ele>107.7</ele>
        <time>2021-07-10T17:18:02.623000+00:00</time>
        <extensions>
        <ns2:TrackPointExtension>
        <ns2:Extensions>
            <surface>asphalt</surface>
        </ns2:Extensions>
        </ns2:TrackPointExtension>
        </extensions>
    </trkpt>
    <trkpt lat="52.241035" lon="20.896759">
        <ele>106.3</ele>
        <time>2021-07-10T17:18:22.957000+00:00</time>
        <extensions>
        <ns2:TrackPointExtension>
        <ns2:Extensions>
            <surface>asphalt</surface>
        </ns2:Extensions>
        </ns2:TrackPointExtension>
        </extensions>
    </trkpt>
    <trkpt lat="52.24141" lon="20.896858">
        <ele>106.0</ele>
        <time>2021-07-10T17:18:32.075000+00:00</time>
        <extensions>
        <ns2:TrackPointExtension>
        <ns2:Extensions>
            <surface>asphalt</surface>
        </ns2:Extensions>
        </ns2:TrackPointExtension>
        </extensions>
    </trkpt>
    <trkpt lat="52.242925" lon="20.897082">
        <ele>105.0</ele>
        <time>2021-07-10T17:19:08.736000+00:00</time>
        <extensions>
        <ns2:TrackPointExtension>
        <ns2:Extensions>
            <surface>asphalt</surface>
        </ns2:Extensions>
        </ns2:TrackPointExtension>
        </extensions>
    </trkpt>
    <trkpt lat="52.243948" lon="20.897352">
        <ele>105.6</ele>
        <time>2021-07-10T17:19:33.795000+00:00</time>
        <extensions>
        <ns2:TrackPointExtension>
        <ns2:Extensions>
            <surface>asphalt</surface>
        </ns2:Extensions>
        </ns2:TrackPointExtension>
        </extensions>
    </trkpt>
    <trkpt lat="52.244405" lon="20.89744">
        <ele>106.5</ele>
        <time>2021-07-10T17:19:44.956000+00:00</time>
        <extensions>
        <ns2:TrackPointExtension>
        <ns2:Extensions>
            <surface>asphalt</surface>
        </ns2:Extensions>
        </ns2:TrackPointExtension>
        </extensions>
    </trkpt>
    <trkpt lat="52.244405" lon="20.89744">
        <ele>106.5</ele>
        <time>2021-07-10T17:19:44.956000+00:00</time>
        <extensions>
        <ns2:TrackPointExtension>
        <ns2:Extensions>
            <surface>asphalt</surface>
        </ns2:Extensions>
        </ns2:TrackPointExtension>
        </extensions>
    </trkpt>
    <trkpt lat="52.244979" lon="20.897549">
        <ele>107.0</ele>
        <time>2021-07-10T17:19:59.034000+00:00</time>
        <extensions>
        <ns2:TrackPointExtension>
        <ns2:Extensions>
            <surface>asphalt</surface>
        </ns2:Extensions>
        </ns2:TrackPointExtension>
        </extensions>
    </trkpt>
    <trkpt lat="52.245268" lon="20.897587">
        <ele>107.0</ele>
        <time>2021-07-10T17:20:06.111000+00:00</time>
        <extensions>
        <ns2:TrackPointExtension>
        <ns2:Extensions>
            <surface>asphalt</surface>
        </ns2:Extensions>
        </ns2:TrackPointExtension>
        </extensions>
    </trkpt>
    <trkpt lat="52.245574" lon="20.897597">
        <ele>107.0</ele>
        <time>2021-07-10T17:20:13.600000+00:00</time>
        <extensions>
        <ns2:TrackPointExtension>
        <ns2:Extensions>
            <surface>asphalt</surface>
        </ns2:Extensions>
        </ns2:TrackPointExtension>
        </extensions>
    </trkpt>
    <trkpt lat="52.247183" lon="20.897869">
        <ele>107.9</ele>
        <time>2021-07-10T17:20:53.233000+00:00</time>
        <extensions>
        <ns2:TrackPointExtension>
        <ns2:Extensions>
            <surface>asphalt</surface>
        </ns2:Extensions>
        </ns2:TrackPointExtension>
        </extensions>
    </trkpt>
    <trkpt lat="52.249125" lon="20.898155">
        <ele>109.4</ele>
        <time>2021-07-10T17:21:41.053000+00:00</time>
        <extensions>
        <ns2:TrackPointExtension>
        <ns2:Extensions>
            <surface>asphalt</surface>
        </ns2:Extensions>
        </ns2:TrackPointExtension>
        </extensions>
    </trkpt>
    <trkpt lat="52.250015" lon="20.898348">
        <ele>109.5</ele>
        <time>2021-07-10T17:22:03.095000+00:00</time>
        <extensions>
        <ns2:TrackPointExtension>
        <ns2:Extensions>
            <surface>asphalt</surface>
        </ns2:Extensions>
        </ns2:TrackPointExtension>
        </extensions>
    </trkpt>
    <trkpt lat="52.250863" lon="20.89848">
        <ele>109.0</ele>
        <time>2021-07-10T17:22:24.021000+00:00</time>
        <extensions>
        <ns2:TrackPointExtension>
        <ns2:Extensions>
            <surface>asphalt</surface>
        </ns2:Extensions>
        </ns2:TrackPointExtension>
        </extensions>
    </trkpt>
    <trkpt lat="52.251327" lon="20.898499">
        <ele>109.1</ele>
        <time>2021-07-10T17:22:35.430000+00:00</time>
        <extensions>
        <ns2:TrackPointExtension>
        <ns2:Extensions>
            <surface>asphalt</surface>
        </ns2:Extensions>
        </ns2:TrackPointExtension>
        </extensions>
    </trkpt>
    <trkpt lat="52.251814" lon="20.898442">
        <ele>109.1</ele>
        <time>2021-07-10T17:22:47.437000+00:00</time>
        <extensions>
        <ns2:TrackPointExtension>
        <ns2:Extensions>
            <surface>asphalt</surface>
        </ns2:Extensions>
        </ns2:TrackPointExtension>
        </extensions>
    </trkpt>
    <trkpt lat="52.252163" lon="20.89836">
        <ele>109.4</ele>
        <time>2021-07-10T17:22:56.111000+00:00</time>
        <extensions>
        <ns2:TrackPointExtension>
        <ns2:Extensions>
            <surface>asphalt</surface>
        </ns2:Extensions>
        </ns2:TrackPointExtension>
        </extensions>
    </trkpt>
    <trkpt lat="52.253463" lon="20.898216">
        <ele>110.1</ele>
        <time>2021-07-10T17:23:28.176000+00:00</time>
        <extensions>
        <ns2:TrackPointExtension>
        <ns2:Extensions>
            <surface>asphalt</surface>
        </ns2:Extensions>
        </ns2:TrackPointExtension>
        </extensions>
    </trkpt>
    <trkpt lat="52.253455" lon="20.897984">
        <ele>110.2</ele>
        <time>2021-07-10T17:23:31.677000+00:00</time>
        <extensions>
        <ns2:TrackPointExtension>
        <ns2:Extensions>
            <surface>asphalt</surface>
        </ns2:Extensions>
        </ns2:TrackPointExtension>
        </extensions>
    </trkpt>
    <trkpt lat="52.255902" lon="20.897699">
        <ele>110.6</ele>
        <time>2021-07-10T17:24:32.037000+00:00</time>
    </trkpt>
    <trkpt lat="52.257834" lon="20.897508">
        <ele>108.4</ele>
        <time>2021-07-10T17:25:19.626000+00:00</time>
    </trkpt>
    <trkpt lat="52.258301" lon="20.897431">
        <ele>108.1</ele>
        <time>2021-07-10T17:25:31.134000+00:00</time>
    </trkpt>
    <trkpt lat="52.258418" lon="20.897479">
        <ele>108.1</ele>
        <time>2021-07-10T17:25:34.053000+00:00</time>
        <extensions>
        <ns2:TrackPointExtension>
        <ns2:Extensions>
            <surface>asphalt</surface>
        </ns2:Extensions>
        </ns2:TrackPointExtension>
        </extensions>
    </trkpt>
    <trkpt lat="52.258628" lon="20.897465">
        <ele>108.0</ele>
        <time>2021-07-10T17:25:39.111000+00:00</time>
        <extensions>
        <ns2:TrackPointExtension>
        <ns2:Extensions>
            <surface>asphalt</surface>
        </ns2:Extensions>
        </ns2:TrackPointExtension>
        </extensions>
    </trkpt>
    <trkpt lat="52.258789" lon="20.897454">
        <ele>107.9</ele>
        <time>2021-07-10T17:25:42.955000+00:00</time>
        <extensions>
        <ns2:TrackPointExtension>
        <ns2:Extensions>
            <surface>asphalt</surface>
        </ns2:Extensions>
        </ns2:TrackPointExtension>
        </extensions>
    </trkpt>
    <trkpt lat="52.258809" lon="20.897471">
        <ele>107.9</ele>
        <time>2021-07-10T17:25:43.412000+00:00</time>
        <extensions>
        <ns2:TrackPointExtension>
        <ns2:Extensions>
            <surface>asphalt</surface>
        </ns2:Extensions>
        </ns2:TrackPointExtension>
        </extensions>
    </trkpt>
    <trkpt lat="52.258812" lon="20.897518">
        <ele>107.9</ele>
        <time>2021-07-10T17:25:43.948000+00:00</time>
        <extensions>
        <ns2:TrackPointExtension>
        <ns2:Extensions>
            <surface>asphalt</surface>
        </ns2:Extensions>
        </ns2:TrackPointExtension>
        </extensions>
    </trkpt>
    <trkpt lat="52.258964" lon="20.897494">
        <ele>107.5</ele>
        <time>2021-07-10T17:25:46.837000+00:00</time>
        <extensions>
        <ns2:TrackPointExtension>
        <ns2:Extensions>
            <surface>asphalt</surface>
        </ns2:Extensions>
        </ns2:TrackPointExtension>
        </extensions>
    </trkpt>
    <trkpt lat="52.259104" lon="20.897358">
        <ele>107.5</ele>
        <time>2021-07-10T17:25:50.011000+00:00</time>
        <extensions>
        <ns2:TrackPointExtension>
        <ns2:Extensions>
            <surface>asphalt</surface>
        </ns2:Extensions>
        </ns2:TrackPointExtension>
        </extensions>
    </trkpt>
    <trkpt lat="52.25921" lon="20.897369">
        <ele>107.5</ele>
        <time>2021-07-10T17:25:52.133000+00:00</time>
        <extensions>
        <ns2:TrackPointExtension>
        <ns2:Extensions>
            <surface>asphalt</surface>
        </ns2:Extensions>
        </ns2:TrackPointExtension>
        </extensions>
    </trkpt>
    <trkpt lat="52.259277" lon="20.897327">
        <ele>107.3</ele>
        <time>2021-07-10T17:25:53.597000+00:00</time>
        <extensions>
        <ns2:TrackPointExtension>
        <ns2:Extensions>
            <surface>asphalt</surface>
        </ns2:Extensions>
        </ns2:TrackPointExtension>
        </extensions>
    </trkpt>
    <trkpt lat="52.259337" lon="20.897204">
        <ele>107.4</ele>
        <time>2021-07-10T17:25:55.603000+00:00</time>
        <extensions>
        <ns2:TrackPointExtension>
        <ns2:Extensions>
            <surface>paving_stones</surface>
        </ns2:Extensions>
        </ns2:TrackPointExtension>
        </extensions>
    </trkpt>
    <trkpt lat="52.259337" lon="20.897204">
        <ele>107.4</ele>
        <time>2021-07-10T17:25:55.603000+00:00</time>
        <extensions>
        <ns2:TrackPointExtension>
        <ns2:Extensions>
            <surface>paving_stones</surface>
        </ns2:Extensions>
        </ns2:TrackPointExtension>
        </extensions>
    </trkpt>
    <trkpt lat="52.259277" lon="20.897327">
        <ele>107.3</ele>
        <time>2021-07-10T17:25:57.690000+00:00</time>
        <extensions>
        <ns2:TrackPointExtension>
        <ns2:Extensions>
            <surface>paving_stones</surface>
        </ns2:Extensions>
        </ns2:TrackPointExtension>
        </extensions>
    </trkpt>
    <trkpt lat="52.25937" lon="20.89749">
        <ele>107.2</ele>
        <time>2021-07-10T17:26:00.693000+00:00</time>
        <extensions>
        <ns2:TrackPointExtension>
        <ns2:Extensions>
            <surface>asphalt</surface>
        </ns2:Extensions>
        </ns2:TrackPointExtension>
        </extensions>
    </trkpt>
    <trkpt lat="52.259383" lon="20.89759">
        <ele>107.2</ele>
        <time>2021-07-10T17:26:02.091000+00:00</time>
        <extensions>
        <ns2:TrackPointExtension>
        <ns2:Extensions>
            <surface>asphalt</surface>
        </ns2:Extensions>
        </ns2:TrackPointExtension>
        </extensions>
    </trkpt>
    <trkpt lat="52.259374" lon="20.89775">
        <ele>107.3</ele>
        <time>2021-07-10T17:26:04.313000+00:00</time>
        <extensions>
        <ns2:TrackPointExtension>
        <ns2:Extensions>
            <surface>asphalt</surface>
        </ns2:Extensions>
        </ns2:TrackPointExtension>
        </extensions>
    </trkpt>
    <trkpt lat="52.259389" lon="20.8979">
        <ele>107.4</ele>
        <time>2021-07-10T17:26:06.433000+00:00</time>
    </trkpt>
    <trkpt lat="52.259331" lon="20.898085">
        <ele>107.4</ele>
        <time>2021-07-10T17:26:09.361000+00:00</time>
    </trkpt>
    <trkpt lat="52.259312" lon="20.898293">
        <ele>107.5</ele>
        <time>2021-07-10T17:26:12.354000+00:00</time>
    </trkpt>
    <trkpt lat="52.259051" lon="20.898728">
        <ele>107.5</ele>
        <time>2021-07-10T17:26:21.099000+00:00</time>
    </trkpt>
    <trkpt lat="52.258973" lon="20.898887">
        <ele>107.5</ele>
        <time>2021-07-10T17:26:24.048000+00:00</time>
    </trkpt>
    <trkpt lat="52.258928" lon="20.898938">
        <ele>107.4</ele>
        <time>2021-07-10T17:26:25.360000+00:00</time>
    </trkpt>
    <trkpt lat="52.258851" lon="20.899164">
        <ele>107.2</ele>
        <time>2021-07-10T17:26:29.176000+00:00</time>
    </trkpt>
    <trkpt lat="52.258834" lon="20.899341">
        <ele>107.1</ele>
        <time>2021-07-10T17:26:31.834000+00:00</time>
    </trkpt>
    <trkpt lat="52.258848" lon="20.899691">
        <ele>107.1</ele>
        <time>2021-07-10T17:26:37.054000+00:00</time>
    </trkpt>
    <trkpt lat="52.258283" lon="20.900726">
        <ele>108.0</ele>
        <time>2021-07-10T17:26:57.738000+00:00</time>
    </trkpt>
    <trkpt lat="52.258172" lon="20.900622">
        <ele>108.3</ele>
        <time>2021-07-10T17:27:00.865000+00:00</time>
        <extensions>
        <ns2:TrackPointExtension>
        <ns2:Extensions>
            <surface>asphalt</surface>
        </ns2:Extensions>
        </ns2:TrackPointExtension>
        </extensions>
    </trkpt>
    <trkpt lat="52.258074" lon="20.900577">
        <ele>108.5</ele>
        <time>2021-07-10T17:27:03.356000+00:00</time>
        <extensions>
        <ns2:TrackPointExtension>
        <ns2:Extensions>
            <surface>asphalt</surface>
        </ns2:Extensions>
        </ns2:TrackPointExtension>
        </extensions>
    </trkpt>
    <trkpt lat="52.257985" lon="20.900622">
        <ele>108.7</ele>
        <time>2021-07-10T17:27:05.638000+00:00</time>
        <extensions>
        <ns2:TrackPointExtension>
        <ns2:Extensions>
            <surface>asphalt</surface>
        </ns2:Extensions>
        </ns2:TrackPointExtension>
        </extensions>
    </trkpt>
    <trkpt lat="52.257927" lon="20.9007">
        <ele>108.9</ele>
        <time>2021-07-10T17:27:07.480000+00:00</time>
        <extensions>
        <ns2:TrackPointExtension>
        <ns2:Extensions>
            <surface>asphalt</surface>
        </ns2:Extensions>
        </ns2:TrackPointExtension>
        </extensions>
    </trkpt>
    <trkpt lat="52.257916" lon="20.900813">
        <ele>108.9</ele>
        <time>2021-07-10T17:27:09.201000+00:00</time>
        <extensions>
        <ns2:TrackPointExtension>
        <ns2:Extensions>
            <surface>asphalt</surface>
        </ns2:Extensions>
        </ns2:TrackPointExtension>
        </extensions>
    </trkpt>
    <trkpt lat="52.257864" lon="20.900995">
        <ele>108.9</ele>
        <time>2021-07-10T17:27:12.225000+00:00</time>
    </trkpt>
    <trkpt lat="52.257427" lon="20.901849">
        <ele>108.9</ele>
        <time>2021-07-10T17:27:28.996000+00:00</time>
    </trkpt>
    <trkpt lat="52.257299" lon="20.901989">
        <ele>108.9</ele>
        <time>2021-07-10T17:27:32.788000+00:00</time>
    </trkpt>
    <trkpt lat="52.256859" lon="20.902934">
        <ele>107.9</ele>
        <time>2021-07-10T17:27:50.681000+00:00</time>
    </trkpt>
    <trkpt lat="52.25681" lon="20.903112">
        <ele>107.9</ele>
        <time>2021-07-10T17:27:53.610000+00:00</time>
    </trkpt>
    <trkpt lat="52.256347" lon="20.903938">
        <ele>107.7</ele>
        <time>2021-07-10T17:28:10.422000+00:00</time>
    </trkpt>
    <trkpt lat="52.256105" lon="20.904022">
        <ele>108.0</ele>
        <time>2021-07-10T17:28:16.473000+00:00</time>
    </trkpt>
    <trkpt lat="52.256052" lon="20.904098">
        <ele>108.0</ele>
        <time>2021-07-10T17:28:18.178000+00:00</time>
    </trkpt>
    <trkpt lat="52.255717" lon="20.904767">
        <ele>108.2</ele>
        <time>2021-07-10T17:28:30.989000+00:00</time>
    </trkpt>
    <trkpt lat="52.255667" lon="20.904983">
        <ele>108.3</ele>
        <time>2021-07-10T17:28:34.386000+00:00</time>
    </trkpt>
    <trkpt lat="52.255535" lon="20.905315">
        <ele>108.2</ele>
        <time>2021-07-10T17:28:40.197000+00:00</time>
        <extensions>
        <ns2:TrackPointExtension>
        <ns2:Extensions>
            <surface>asphalt</surface>
        </ns2:Extensions>
        </ns2:TrackPointExtension>
        </extensions>
    </trkpt>
    <trkpt lat="52.25544" lon="20.905501">
        <ele>108.1</ele>
        <time>2021-07-10T17:28:43.755000+00:00</time>
        <extensions>
        <ns2:TrackPointExtension>
        <ns2:Extensions>
            <surface>asphalt</surface>
        </ns2:Extensions>
        </ns2:TrackPointExtension>
        </extensions>
    </trkpt>
    <trkpt lat="52.255263" lon="20.906328">
        <ele>108.1</ele>
        <time>2021-07-10T17:28:56.668000+00:00</time>
        <extensions>
        <ns2:TrackPointExtension>
        <ns2:Extensions>
            <surface>asphalt</surface>
        </ns2:Extensions>
        </ns2:TrackPointExtension>
        </extensions>
    </trkpt>
    <trkpt lat="52.255103" lon="20.907162">
        <ele>108.1</ele>
        <time>2021-07-10T17:29:09.595000+00:00</time>
        <extensions>
        <ns2:TrackPointExtension>
        <ns2:Extensions>
            <surface>asphalt</surface>
        </ns2:Extensions>
        </ns2:TrackPointExtension>
        </extensions>
    </trkpt>
    <trkpt lat="52.255096" lon="20.907315">
        <ele>108.0</ele>
        <time>2021-07-10T17:29:11.866000+00:00</time>
        <extensions>
        <ns2:TrackPointExtension>
        <ns2:Extensions>
            <surface>asphalt</surface>
        </ns2:Extensions>
        </ns2:TrackPointExtension>
        </extensions>
    </trkpt>
    <trkpt lat="52.254981" lon="20.907513">
        <ele>107.9</ele>
        <time>2021-07-10T17:29:15.910000+00:00</time>
        <extensions>
        <ns2:TrackPointExtension>
        <ns2:Extensions>
            <surface>asphalt</surface>
        </ns2:Extensions>
        </ns2:TrackPointExtension>
        </extensions>
    </trkpt>
    <trkpt lat="52.254569" lon="20.908872">
        <ele>107.5</ele>
        <time>2021-07-10T17:29:38.406000+00:00</time>
        <extensions>
        <ns2:TrackPointExtension>
        <ns2:Extensions>
            <surface>asphalt</surface>
        </ns2:Extensions>
        </ns2:TrackPointExtension>
        </extensions>
    </trkpt>
    <trkpt lat="52.254485" lon="20.909092">
        <ele>107.4</ele>
        <time>2021-07-10T17:29:42.218000+00:00</time>
        <extensions>
        <ns2:TrackPointExtension>
        <ns2:Extensions>
            <surface>asphalt</surface>
        </ns2:Extensions>
        </ns2:TrackPointExtension>
        </extensions>
    </trkpt>
    <trkpt lat="52.254332" lon="20.909383">
        <ele>107.4</ele>
        <time>2021-07-10T17:29:47.840000+00:00</time>
        <extensions>
        <ns2:TrackPointExtension>
        <ns2:Extensions>
            <surface>asphalt</surface>
        </ns2:Extensions>
        </ns2:TrackPointExtension>
        </extensions>
    </trkpt>
    <trkpt lat="52.254078" lon="20.909844">
        <ele>107.5</ele>
        <time>2021-07-10T17:29:56.922000+00:00</time>
        <extensions>
        <ns2:TrackPointExtension>
        <ns2:Extensions>
            <surface>asphalt</surface>
        </ns2:Extensions>
        </ns2:TrackPointExtension>
        </extensions>
    </trkpt>
    <trkpt lat="52.252886" lon="20.912394">
        <ele>107.7</ele>
        <time>2021-07-10T17:30:44.069000+00:00</time>
        <extensions>
        <ns2:TrackPointExtension>
        <ns2:Extensions>
            <surface>asphalt</surface>
        </ns2:Extensions>
        </ns2:TrackPointExtension>
        </extensions>
    </trkpt>
    <trkpt lat="52.252578" lon="20.913097">
        <ele>107.8</ele>
        <time>2021-07-10T17:30:56.815000+00:00</time>
        <extensions>
        <ns2:TrackPointExtension>
        <ns2:Extensions>
            <surface>asphalt</surface>
        </ns2:Extensions>
        </ns2:TrackPointExtension>
        </extensions>
    </trkpt>
    <trkpt lat="52.252509" lon="20.913393">
        <ele>107.7</ele>
        <time>2021-07-10T17:31:01.495000+00:00</time>
        <extensions>
        <ns2:TrackPointExtension>
        <ns2:Extensions>
            <surface>asphalt</surface>
        </ns2:Extensions>
        </ns2:TrackPointExtension>
        </extensions>
    </trkpt>
    <trkpt lat="52.25228" lon="20.913986">
        <ele>106.7</ele>
        <time>2021-07-10T17:31:11.872000+00:00</time>
        <extensions>
        <ns2:TrackPointExtension>
        <ns2:Extensions>
            <surface>asphalt</surface>
        </ns2:Extensions>
        </ns2:TrackPointExtension>
        </extensions>
    </trkpt>
    <trkpt lat="52.252242" lon="20.914028">
        <ele>106.5</ele>
        <time>2021-07-10T17:31:12.974000+00:00</time>
        <extensions>
        <ns2:TrackPointExtension>
        <ns2:Extensions>
            <surface>asphalt</surface>
        </ns2:Extensions>
        </ns2:TrackPointExtension>
        </extensions>
    </trkpt>
    <trkpt lat="52.252201" lon="20.914032">
        <ele>106.5</ele>
        <time>2021-07-10T17:31:13.964000+00:00</time>
        <extensions>
        <ns2:TrackPointExtension>
        <ns2:Extensions>
            <surface>asphalt</surface>
        </ns2:Extensions>
        </ns2:TrackPointExtension>
        </extensions>
    </trkpt>
    <trkpt lat="52.251984" lon="20.913779">
        <ele>106.0</ele>
        <time>2021-07-10T17:31:20.412000+00:00</time>
        <extensions>
        <ns2:TrackPointExtension>
        <ns2:Extensions>
            <surface>asphalt</surface>
        </ns2:Extensions>
        </ns2:TrackPointExtension>
        </extensions>
    </trkpt>
    <trkpt lat="52.250299" lon="20.917371">
        <ele>106.0</ele>
        <time>2021-07-10T17:32:27.612000+00:00</time>
        <extensions>
        <ns2:TrackPointExtension>
        <ns2:Extensions>
            <surface>asphalt</surface>
        </ns2:Extensions>
        </ns2:TrackPointExtension>
        </extensions>
    </trkpt>
    <trkpt lat="52.249531" lon="20.919053">
        <ele>107.7</ele>
        <time>2021-07-10T17:32:58.846000+00:00</time>
        <extensions>
        <ns2:TrackPointExtension>
        <ns2:Extensions>
            <surface>asphalt</surface>
        </ns2:Extensions>
        </ns2:TrackPointExtension>
        </extensions>
    </trkpt>
    <trkpt lat="52.249197" lon="20.919676">
        <ele>107.8</ele>
        <time>2021-07-10T17:33:11.181000+00:00</time>
        <extensions>
        <ns2:TrackPointExtension>
        <ns2:Extensions>
            <surface>asphalt</surface>
        </ns2:Extensions>
        </ns2:TrackPointExtension>
        </extensions>
    </trkpt>
    <trkpt lat="52.248786" lon="20.920597">
        <ele>107.2</ele>
        <time>2021-07-10T17:33:28.177000+00:00</time>
        <extensions>
        <ns2:TrackPointExtension>
        <ns2:Extensions>
            <surface>asphalt</surface>
        </ns2:Extensions>
        </ns2:TrackPointExtension>
        </extensions>
    </trkpt>
    <trkpt lat="52.248681" lon="20.920461">
        <ele>107.1</ele>
        <time>2021-07-10T17:33:31.446000+00:00</time>
        <extensions>
        <ns2:TrackPointExtension>
        <ns2:Extensions>
            <surface>asphalt</surface>
        </ns2:Extensions>
        </ns2:TrackPointExtension>
        </extensions>
    </trkpt>
    <trkpt lat="52.248554" lon="20.92075">
        <ele>107.4</ele>
        <time>2021-07-10T17:33:36.769000+00:00</time>
        <extensions>
        <ns2:TrackPointExtension>
        <ns2:Extensions>
            <surface>paving_stones</surface>
        </ns2:Extensions>
        </ns2:TrackPointExtension>
        </extensions>
    </trkpt>
    <trkpt lat="52.248569" lon="20.920909">
        <ele>107.3</ele>
        <time>2021-07-10T17:33:39.182000+00:00</time>
        <extensions>
        <ns2:TrackPointExtension>
        <ns2:Extensions>
            <surface>paving_stones</surface>
        </ns2:Extensions>
        </ns2:TrackPointExtension>
        </extensions>
    </trkpt>
    <trkpt lat="52.248271" lon="20.921557">
        <ele>107.7</ele>
        <time>2021-07-10T17:33:51.354000+00:00</time>
        <extensions>
        <ns2:TrackPointExtension>
        <ns2:Extensions>
            <surface>paving_stones</surface>
        </ns2:Extensions>
        </ns2:TrackPointExtension>
        </extensions>
    </trkpt>
    <trkpt lat="52.247668" lon="20.922895">
        <ele>108.4</ele>
        <time>2021-07-10T17:34:16.327000+00:00</time>
        <extensions>
        <ns2:TrackPointExtension>
        <ns2:Extensions>
            <surface>asphalt</surface>
        </ns2:Extensions>
        </ns2:TrackPointExtension>
        </extensions>
    </trkpt>
    </trkseg>
</trk>
</gpx>